MT,
     StaID,        Freq[Hz],     Re(Zxx)_Cal,     Im(Zxx)_Cal,     Re(Zxy)_Cal,     Im(Zxy)_Cal,     Re(Zyx)_Cal,     Im(Zyx)_Cal,     Re(Zyy)_Cal,     Im(Zyy)_Cal,     Re(Zxx)_Res,     Im(Zxx)_Res,     Re(Zxy)_Res,     Im(Zxy)_Res,     Re(Zyx)_Res,     Im(Zyx)_Res,     Re(Zyy)_Res,     Im(Zyy)_Res,     Re(Zxx)_Obs,     Im(Zxx)_Obs,     Re(Zxy)_Obs,     Im(Zxy)_Obs,     Re(Zyx)_Obs,     Im(Zyx)_Obs,     Re(Zyy)_Obs,     Im(Zyy)_Obs,      Re(Zxx)_SD,      Im(Zxx)_SD,      Re(Zxy)_SD,      Im(Zxy)_SD,      Re(Zyx)_SD,      Im(Zyx)_SD,      Re(Zyy)_SD,      Im(Zyy)_SD,
         1,    1.584800e+00,   -1.804441e-02,    4.531139e-03,    1.798282e-02,   -1.382276e-02,   -5.143918e-02,    2.372468e-02,    1.727988e-02,   -7.601962e-03,   -7.312016e-01,    1.901297e-02,    1.989682e-02,    2.644549e-02,    4.378083e-01,   -1.105403e+00,    1.801371e-01,   -5.817632e-02,   -2.043500e-02,    4.593300e-03,    1.801800e-02,   -1.377600e-02,   -5.066500e-02,    2.177000e-02,    1.817300e-02,   -7.890400e-03,    3.269400e-03,    3.269400e-03,    1.768300e-03,    1.768300e-03,    1.768300e-03,    1.768300e-03,    4.958000e-03,    4.958000e-03,
         1,    2.511800e+00,   -1.983677e-02,    3.011761e-03,    2.208064e-02,   -1.793704e-02,   -5.866999e-02,    2.533784e-02,    1.965373e-02,   -8.754155e-03,   -3.369236e-01,   -8.894380e-02,   -2.059016e-01,   -3.003269e-01,    6.229535e-01,   -2.448453e-01,    6.458489e-02,   -3.164507e-01,   -2.108100e-02,    2.683300e-03,    2.164600e-02,   -1.857100e-02,   -5.735500e-02,    2.482100e-02,    2.001800e-02,   -1.053900e-02,    3.692900e-03,    3.692900e-03,    2.110900e-03,    2.110900e-03,    2.110900e-03,    2.110900e-03,    5.640200e-03,    5.640200e-03,
         1,    3.981000e+00,   -2.068511e-02,    7.222123e-04,    2.779701e-02,   -2.231887e-02,   -6.589699e-02,    2.657255e-02,    2.220725e-02,   -9.842587e-03,   -1.850918e-01,   -1.995021e-01,   -2.478062e-01,   -1.368784e-01,   -1.392661e-02,    3.863998e-01,    9.478052e-02,   -6.056240e-01,   -2.145000e-02,   -1.022300e-04,    2.717400e-02,   -2.266300e-02,   -6.593200e-02,    2.754400e-02,    2.282800e-02,   -1.380900e-02,    4.132500e-03,    4.132500e-03,    2.514100e-03,    2.514100e-03,    2.514100e-03,    2.514100e-03,    6.549300e-03,    6.549300e-03,
         2,    1.584800e+00,   -1.387760e-02,    2.419569e-03,    1.714502e-02,   -1.566425e-02,   -2.047123e-02,    1.342140e-02,    1.623736e-03,    1.175101e-03,    7.847092e-01,    2.737882e-01,   -4.538805e-01,    1.468964e-01,    5.847123e-01,   -1.318895e+00,    1.120976e+00,    6.836497e-01,   -1.197900e-02,    3.082000e-03,    1.483000e-02,   -1.491500e-02,   -1.982600e-02,    1.196600e-02,    3.214400e-03,    2.145200e-03,    2.419500e-03,    2.419500e-03,    5.100500e-03,    5.100500e-03,    1.103500e-03,    1.103500e-03,    1.419000e-03,    1.419000e-03,
         2,    2.511800e+00,   -1.508178e-02,    7.483869e-04,    2.137597e-02,   -2.093255e-02,   -2.394510e-02,    1.607092e-02,    1.292599e-03,    1.856675e-03,    9.507495e-02,    4.749013e-02,   -5.262972e-01,   -1.508140e-01,    9.041904e-01,   -3.678429e-01,    6.880258e-01,    8.215156e-01,   -1.478700e-02,    8.956300e-04,    1.914100e-02,   -2.157300e-02,   -2.267200e-02,    1.555300e-02,    2.365300e-03,    3.137500e-03,    3.100500e-03,    3.100500e-03,    4.246600e-03,    4.246600e-03,    1.408000e-03,    1.408000e-03,    1.559100e-03,    1.559100e-03,
         2,    3.981000e+00,   -1.538658e-02,   -1.774276e-03,    2.736762e-02,   -2.702689e-02,   -2.788357e-02,    1.938533e-02,    6.739803e-04,    2.597893e-03,   -3.126344e-01,    3.490760e-01,   -5.087310e-02,   -4.410358e-01,    5.628397e-01,    1.926666e-01,    1.837130e-01,    5.864160e-01,   -1.658400e-02,   -4.372800e-04,    2.721500e-02,   -2.835000e-02,   -2.686500e-02,    1.973400e-02,    9.803400e-04,    3.575800e-03,    3.830100e-03,    3.830100e-03,    3.000000e-03,    3.000000e-03,    1.809700e-03,    1.809700e-03,    1.667600e-03,    1.667600e-03,
         4,    2.511800e+00,   -1.525453e-03,    1.090900e-03,    3.237352e-02,   -2.357868e-02,   -2.834435e-02,    2.909002e-02,   -3.938123e-03,    3.227829e-03,    3.363172e-01,    4.770766e-01,    3.066951e-01,   -6.857011e-01,   -1.218347e-01,    2.870875e-01,    9.447287e-02,    2.232947e-01,   -1.061100e-03,    1.749600e-03,    3.300700e-02,   -2.499500e-02,   -2.859600e-02,    2.968300e-02,   -3.729300e-03,    3.721400e-03,    1.380700e-03,    1.380700e-03,    2.065500e-03,    2.065500e-03,    2.065500e-03,    2.065500e-03,    2.210400e-03,    2.210400e-03,
         4,    3.981000e+00,   -1.161366e-03,    2.448408e-03,    3.855044e-02,   -2.956495e-02,   -3.593170e-02,    3.728903e-02,   -6.074743e-03,    2.860508e-03,   -4.325023e-02,    4.255332e-01,    2.362122e-01,   -4.845683e-01,   -1.430481e-01,    2.197892e-02,   -1.465081e-01,    2.315420e-01,   -1.247300e-03,    3.293900e-03,    3.915200e-02,   -3.079900e-02,   -3.629600e-02,    3.734500e-02,   -6.506400e-03,    3.542700e-03,    1.986900e-03,    1.986900e-03,    2.546700e-03,    2.546700e-03,    2.546700e-03,    2.546700e-03,    2.946300e-03,    2.946300e-03,
         5,    1.584800e+00,   -9.420412e-03,    3.397814e-04,    1.820895e-02,   -1.647623e-02,   -2.461640e-02,    1.426253e-02,    1.686180e-03,    1.275273e-03,    3.099177e-01,   -1.956826e-01,    9.311029e-01,   -3.034693e-01,    1.107115e-01,   -6.397573e-01,    7.545544e-01,    7.255737e-01,   -8.723500e-03,   -1.002500e-04,    1.945700e-02,   -1.688300e-02,   -2.446800e-02,    1.340500e-02,    2.836800e-03,    2.381700e-03,    2.248700e-03,    2.248700e-03,    1.340400e-03,    1.340400e-03,    1.340400e-03,    1.340400e-03,    1.524900e-03,    1.524900e-03,
         5,    2.511800e+00,   -1.005498e-02,   -1.530241e-03,    2.291995e-02,   -2.185175e-02,   -2.886784e-02,    1.650099e-02,    1.176580e-03,    1.952183e-03,   -1.308791e-02,   -7.341473e-02,    6.486633e-01,   -4.022468e-01,    5.145022e-01,   -4.279088e-01,    8.193483e-01,    5.605711e-01,   -1.009100e-02,   -1.732300e-03,    2.397500e-02,   -2.250600e-02,   -2.803100e-02,    1.580500e-02,    2.544400e-03,    2.888000e-03,    2.752300e-03,    2.752300e-03,    1.626500e-03,    1.626500e-03,    1.626500e-03,    1.626500e-03,    1.669400e-03,    1.669400e-03,
         5,    3.981000e+00,   -9.828839e-03,   -4.267497e-03,    2.964594e-02,   -2.779826e-02,   -3.383696e-02,    1.870394e-02,    2.494216e-04,    2.486316e-03,   -1.047084e-01,   -2.545816e-01,    8.990466e-01,   -3.373110e-01,    3.568918e-01,   -2.021377e-01,    8.555915e-01,    1.564235e-01,   -1.017400e-02,   -5.106700e-03,    3.144700e-02,   -2.847400e-02,   -3.312200e-02,    1.829900e-02,    1.663800e-03,    2.744900e-03,    3.296400e-03,    3.296400e-03,    2.003300e-03,    2.003300e-03,    2.003300e-03,    2.003300e-03,    1.653100e-03,    1.653100e-03,
         6,    1.584800e+00,    6.441179e-02,   -4.371351e-02,    3.759017e-02,   -3.847141e-02,   -8.535851e-02,    6.232566e-02,   -3.517168e-02,    3.477649e-02,    7.254335e-01,    1.875031e-01,   -9.620880e-01,   -3.441878e-01,   -1.190406e+00,   -1.944757e+00,    2.336749e-01,   -5.880333e-02,    7.157900e-02,   -4.186100e-02,    3.401900e-02,   -3.974900e-02,   -8.997300e-02,    5.478700e-02,   -3.269800e-02,    3.415400e-02,    9.879900e-03,    9.879900e-03,    3.711900e-03,    3.711900e-03,    3.876400e-03,    3.876400e-03,    1.058600e-02,    1.058600e-02,
         6,    2.511800e+00,    7.887018e-02,   -5.326732e-02,    4.870071e-02,   -5.133179e-02,   -1.045192e-01,    7.756893e-02,   -4.672587e-02,    4.522697e-02,    5.400258e-01,    6.883858e-02,   -9.157914e-01,   -1.447967e-01,   -9.849060e-01,   -1.087428e+00,    3.608774e-01,   -1.781096e-01,    8.558000e-02,   -5.241200e-02,    4.436700e-02,   -5.201700e-02,   -1.091800e-01,    7.242300e-02,   -4.192800e-02,    4.285900e-02,    1.242500e-02,    1.242500e-02,    4.732200e-03,    4.732200e-03,    4.732200e-03,    4.732200e-03,    1.329500e-02,    1.329500e-02,
         6,    3.981000e+00,    9.895623e-02,   -6.154345e-02,    6.483674e-02,   -6.544875e-02,   -1.312612e-01,    9.279277e-02,   -6.330532e-02,    5.494330e-02,    2.645510e-01,    1.204148e-01,   -5.102628e-01,   -6.029067e-02,   -9.199922e-01,   -5.219551e-01,    3.403027e-01,   -2.683367e-01,    1.030700e-01,   -5.967100e-02,    6.173700e-02,   -6.581500e-02,   -1.368500e-01,    8.962200e-02,   -5.759300e-02,    5.043900e-02,    1.555000e-02,    1.555000e-02,    6.074800e-03,    6.074800e-03,    6.074800e-03,    6.074800e-03,    1.678600e-02,    1.678600e-02,
         7,    1.584800e+00,    3.151965e-03,   -8.381699e-05,    1.484720e-02,   -1.481702e-02,   -1.932349e-02,    1.873280e-02,   -1.323026e-03,    3.275010e-03,    3.891818e-01,   -4.189869e-01,   -3.436364e-01,   -4.882974e-01,   -3.317961e-01,   -5.734238e-01,   -7.317278e-01,    4.698843e-01,    3.670200e-03,   -6.417400e-04,    1.431800e-02,   -1.556900e-02,   -1.971800e-02,    1.805100e-02,   -2.568500e-03,    4.074800e-03,    1.331600e-03,    1.331600e-03,    1.540000e-03,    1.540000e-03,    1.189000e-03,    1.189000e-03,    1.702100e-03,    1.702100e-03,
         7,    2.511800e+00,    3.301747e-03,    7.033213e-05,    1.853390e-02,   -1.994007e-02,   -2.442374e-02,    2.466539e-02,   -2.273792e-03,    4.565682e-03,    4.241641e-01,   -3.607841e-01,   -3.489257e-02,   -1.052387e+00,   -1.654041e-01,   -4.473506e-02,   -5.922969e-01,    2.503245e-01,    3.981300e-03,   -5.076800e-04,    1.847900e-02,   -2.159600e-02,   -2.468400e-02,    2.459500e-02,   -3.584900e-03,    5.119800e-03,    1.602100e-03,    1.602100e-03,    1.573500e-03,    1.573500e-03,    1.573500e-03,    1.573500e-03,    2.213600e-03,    2.213600e-03,
         7,    3.981000e+00,    3.636449e-03,    4.180090e-04,    2.377534e-02,   -2.635649e-02,   -3.191113e-02,    3.146401e-02,   -3.738618e-03,    5.942786e-03,    3.282841e-01,    2.537469e-02,    5.640852e-01,   -1.013773e+00,   -2.371368e-01,    8.984949e-02,   -6.452703e-01,    7.206812e-02,    4.263800e-03,    4.665000e-04,    2.494300e-02,   -2.845500e-02,   -3.240200e-02,    3.165000e-02,   -5.619000e-03,    6.152800e-03,    1.911000e-03,    1.911000e-03,    2.070000e-03,    2.070000e-03,    2.070000e-03,    2.070000e-03,    2.914100e-03,    2.914100e-03,
         9,    1.584800e+00,   -8.426015e-03,    1.369445e-03,    1.704954e-02,   -1.318778e-02,   -2.020613e-02,    1.210642e-02,    2.412531e-03,   -1.114872e-04,   -7.571496e-01,   -2.430683e-01,    4.169598e-01,    8.850025e-01,   -4.697634e-01,   -5.450178e-02,    8.337700e-01,    7.303402e-01,   -1.009500e-02,    8.336500e-04,    1.757900e-02,   -1.206400e-02,   -2.083900e-02,    1.203300e-02,    3.594400e-03,    9.237700e-04,    2.204300e-03,    2.204300e-03,    1.269800e-03,    1.269800e-03,    1.347200e-03,    1.347200e-03,    1.417500e-03,    1.417500e-03,
         9,    2.511800e+00,   -9.005393e-03,    3.335600e-04,    2.123437e-02,   -1.669798e-02,   -2.366861e-02,    1.427058e-02,    2.314214e-03,    3.635063e-05,   -1.137141e+00,   -1.823908e-02,   -8.965347e-03,    4.298222e-01,    4.926231e-01,    4.100793e-01,    1.892192e-01,   -5.900329e-02,   -1.205600e-02,    2.846300e-04,    2.121800e-02,   -1.591300e-02,   -2.300500e-02,    1.482300e-02,    2.551400e-03,   -3.761000e-05,    2.682700e-03,    2.682700e-03,    1.826300e-03,    1.826300e-03,    1.347100e-03,    1.347100e-03,    1.253500e-03,    1.253500e-03,
         9,    3.981000e+00,   -8.999913e-03,   -9.732720e-04,    2.671821e-02,   -2.007133e-02,   -2.777328e-02,    1.659346e-02,    2.070811e-03,   -2.377824e-05,   -1.234389e+00,   -1.584048e-01,   -1.567925e-01,   -8.118234e-02,   -1.808593e-02,    1.129292e-01,   -1.968385e-01,   -1.018335e-02,   -1.283800e-02,   -1.465800e-03,    2.637700e-02,   -2.024800e-02,   -2.780300e-02,    1.677900e-02,    1.842400e-03,   -3.559500e-05,    3.109300e-03,    3.109300e-03,    2.176200e-03,    2.176200e-03,    1.643000e-03,    1.643000e-03,    1.160400e-03,    1.160400e-03,
        10,    2.511800e+00,   -5.323215e-03,    1.035137e-02,    3.538385e-02,   -3.771500e-02,   -5.112273e-02,    4.462119e-02,    1.366255e-02,   -1.911106e-02,   -9.158358e-01,    1.121208e+00,    5.444183e-01,    1.127878e-01,    7.807255e-02,    6.556551e-01,    1.411728e+00,   -8.296264e-02,   -9.583500e-03,    1.556700e-02,    3.702500e-02,   -3.737500e-02,   -5.086900e-02,    4.675200e-02,    2.339500e-02,   -1.968300e-02,    4.651800e-03,    4.651800e-03,    3.014500e-03,    3.014500e-03,    3.249900e-03,    3.249900e-03,    6.894000e-03,    6.894000e-03,
        10,    3.981000e+00,   -8.245077e-03,    1.563617e-02,    4.543102e-02,   -4.963392e-02,   -6.398717e-02,    5.677107e-02,    1.853958e-02,   -2.644369e-02,   -4.373826e-01,    3.544173e-01,    8.867886e-02,   -8.218385e-02,    7.637762e-01,    1.276000e+00,    1.061909e+00,    3.162063e-01,   -1.069700e-02,    1.762300e-02,    4.577100e-02,   -4.994900e-02,   -6.105900e-02,    6.166300e-02,    2.748500e-02,   -2.378000e-02,    5.605900e-03,    5.605900e-03,    3.833800e-03,    3.833800e-03,    3.833800e-03,    3.833800e-03,    8.423900e-03,    8.423900e-03,
        11,    1.584800e+00,   -2.595560e-02,    1.008868e-02,    1.819051e-02,   -1.566293e-02,   -3.246104e-02,    1.932042e-02,    3.437361e-03,   -4.359157e-05,    1.594550e-01,    3.992550e-01,   -4.387717e-01,    1.041463e+00,    6.863580e-02,    1.000092e-02,    1.527065e-01,    4.773293e-01,   -2.535600e-02,    1.159000e-02,    1.755100e-02,   -1.414500e-02,   -3.236100e-02,    1.933500e-02,    3.711500e-03,    8.133100e-04,    3.760300e-03,    3.760300e-03,    1.457500e-03,    1.457500e-03,    1.457500e-03,    1.457500e-03,    1.795200e-03,    1.795200e-03,
        11,    2.511800e+00,   -3.020653e-02,    9.594176e-03,    2.236690e-02,   -2.099238e-02,   -3.848384e-02,    2.236638e-02,    3.298152e-03,    1.524553e-04,    7.731471e-02,    5.690603e-01,   -6.353908e-01,    5.752966e-01,    6.051775e-01,    3.977079e-01,    7.936117e-03,    5.131536e-01,   -2.985100e-02,    1.221100e-02,    2.123000e-02,   -1.996300e-02,   -3.740100e-02,    2.307800e-02,    3.312900e-03,    1.106100e-03,    4.598500e-03,    4.598500e-03,    1.789300e-03,    1.789300e-03,    1.789300e-03,    1.789300e-03,    1.858400e-03,    1.858400e-03,
        11,    3.981000e+00,   -3.467557e-02,    7.376110e-03,    2.844151e-02,   -2.735224e-02,   -4.563749e-02,    2.503370e-02,    2.956094e-03,    1.342584e-04,   -6.189470e-02,    5.849925e-01,   -9.604307e-01,    3.478442e-01,    8.996046e-02,    1.129491e+00,   -1.598661e-01,    4.215767e-01,   -3.501900e-02,    1.062200e-02,    2.630100e-02,   -2.657700e-02,   -4.543700e-02,    2.755100e-02,    2.662900e-03,    9.074300e-04,    5.548600e-03,    5.548600e-03,    2.228700e-03,    2.228700e-03,    2.228700e-03,    2.228700e-03,    1.834000e-03,    1.834000e-03,
        12,    1.584800e+00,   -9.911139e-03,    8.619067e-04,    1.305358e-02,   -1.037325e-02,   -1.972008e-02,    1.160459e-02,    3.595142e-03,   -1.225178e-03,    1.869222e-01,   -8.753473e-01,   -2.265631e-01,    3.111068e-01,   -1.371826e-01,   -1.028532e+00,   -2.191733e-01,    1.598548e+00,   -9.561800e-03,   -7.740300e-04,    1.275300e-02,   -9.960500e-03,   -1.985100e-02,    1.062300e-02,    3.306600e-03,    8.793100e-04,    1.868900e-03,    1.868900e-03,    1.326700e-03,    1.326700e-03,    9.543600e-04,    9.543600e-04,    1.316500e-03,    1.316500e-03,
        12,    2.511800e+00,   -1.018406e-02,   -7.442418e-04,    1.580105e-02,   -1.367987e-02,   -2.254343e-02,    1.357728e-02,    3.685701e-03,   -1.328364e-03,    2.262212e-01,   -8.793640e-01,   -3.000348e-01,    2.804771e-01,   -5.060662e-01,   -3.461673e-01,   -7.716199e-01,    2.096453e+00,   -9.698300e-03,   -2.632500e-03,    1.543000e-02,   -1.333300e-02,   -2.313300e-02,    1.317400e-02,    2.644400e-03,    1.500800e-03,    2.147300e-03,    2.147300e-03,    1.236700e-03,    1.236700e-03,    1.165000e-03,    1.165000e-03,    1.349500e-03,    1.349500e-03,
        12,    3.981000e+00,   -9.222288e-03,   -2.582066e-03,    1.959968e-02,   -1.757334e-02,   -2.551196e-02,    1.637742e-02,    3.365237e-03,   -1.684552e-03,    2.832781e-01,   -1.112133e+00,   -1.680316e-01,    6.881592e-02,   -5.210582e-01,   -3.410549e-01,   -1.321908e+00,    2.514052e+00,   -8.534800e-03,   -5.281100e-03,    1.936200e-02,   -1.747600e-02,   -2.624900e-02,    1.589500e-02,    1.718800e-03,    1.446700e-03,    2.426900e-03,    2.426900e-03,    1.414500e-03,    1.414500e-03,    1.414500e-03,    1.414500e-03,    1.245500e-03,    1.245500e-03,
        13,    1.584800e+00,   -1.223352e-02,    2.794396e-03,    8.590719e-03,   -9.438507e-03,   -1.865833e-02,    1.108797e-02,    2.370256e-03,   -3.106253e-04,   -8.862123e-01,   -4.475508e-01,    7.733104e-01,    1.508193e+00,    2.680512e-01,    8.525281e-02,   -4.786071e-02,    2.870933e-01,   -1.397900e-02,    1.912900e-03,    9.469200e-03,   -7.725200e-03,   -1.843500e-02,    1.115900e-02,    2.319500e-03,   -6.162800e-06,    1.969600e-03,    1.969600e-03,    1.136000e-03,    1.136000e-03,    8.331700e-04,    8.331700e-04,    1.060500e-03,    1.060500e-03,
        13,    2.511800e+00,   -1.361599e-02,    1.353684e-03,    1.082276e-02,   -1.250885e-02,   -2.159777e-02,    1.339169e-02,    2.238785e-03,   -4.447018e-07,   -5.468661e-01,   -4.533239e-01,   -2.606744e-01,    9.966577e-01,    9.068786e-01,   -8.020078e-02,   -5.339342e-01,   -3.242886e-02,   -1.486700e-02,    3.166600e-04,    1.056700e-02,   -1.153100e-02,   -2.070800e-02,    1.331300e-02,    1.717900e-03,   -3.208100e-05,    2.287600e-03,    2.287600e-03,    9.811300e-04,    9.811300e-04,    9.811300e-04,    9.811300e-04,    9.755600e-04,    9.755600e-04,
        13,    3.981000e+00,   -1.435857e-02,   -9.236043e-04,    1.367760e-02,   -1.657331e-02,   -2.534013e-02,    1.605387e-02,    1.740251e-03,   -1.855884e-04,   -3.131601e-01,   -1.464614e-01,   -5.047563e-01,    8.965135e-03,    2.189418e-01,    6.019132e-01,   -4.003654e-01,   -2.657366e-01,   -1.520100e-02,   -1.317600e-03,    1.304100e-02,   -1.656200e-02,   -2.506400e-02,    1.681300e-02,    1.347200e-03,   -4.464700e-04,    2.690100e-03,    2.690100e-03,    1.261200e-03,    1.261200e-03,    1.261200e-03,    1.261200e-03,    9.817300e-04,    9.817300e-04,
        15,    1.584800e+00,   -8.251364e-03,    5.898871e-03,    1.119267e-02,   -1.164080e-02,   -1.192750e-02,    1.028402e-02,    2.867881e-04,    6.852462e-04,   -1.317777e+00,    6.634568e-01,    5.814073e-01,    5.232172e-01,   -6.345837e-01,    9.289021e-01,    9.449297e-01,    6.531796e-01,   -1.116800e-02,    7.367300e-03,    1.233700e-02,   -1.061100e-02,   -1.268100e-02,    1.138700e-02,    1.019600e-03,    1.191800e-03,    2.213300e-03,    2.213300e-03,    1.968200e-03,    1.968200e-03,    1.187400e-03,    1.187400e-03,    7.755200e-04,    7.755200e-04,
        15,    2.511800e+00,   -1.009248e-02,    7.387726e-03,    1.389422e-02,   -1.611680e-02,   -1.456163e-02,    1.326531e-02,   -2.619623e-05,    9.098316e-04,   -1.221034e+00,    7.800373e-01,    2.072489e-01,    3.954334e-01,   -8.215321e-02,    2.815816e-01,    3.713061e-01,    1.244589e+00,   -1.350100e-02,    9.565200e-03,    1.435900e-02,   -1.523000e-02,   -1.470800e-02,    1.376700e-02,    3.422100e-04,    2.144700e-03,    2.791500e-03,    2.791500e-03,    2.242600e-03,    2.242600e-03,    1.781700e-03,    1.781700e-03,    9.921900e-04,    9.921900e-04,
        15,    3.981000e+00,   -1.277453e-02,    8.895778e-03,    1.798112e-02,   -2.183998e-02,   -1.818446e-02,    1.684361e-02,   -5.060072e-04,    9.957039e-04,   -1.176822e+00,    8.063910e-01,   -7.605604e-01,    5.736811e-01,    2.744975e-01,   -2.152008e-01,    2.859429e-01,   -1.253063e+00,   -1.691800e-02,    1.173500e-02,    1.672300e-02,   -2.089100e-02,   -1.758800e-02,    1.637600e-02,   -3.577000e-04,    3.457900e-04,    3.520900e-03,    3.520900e-03,    1.654200e-03,    1.654200e-03,    2.172900e-03,    2.172900e-03,    5.186600e-04,    5.186600e-04,
        16,    2.511800e+00,   -5.116613e-03,   -7.762126e-04,    1.534043e-02,   -1.520833e-02,   -2.741096e-02,    1.978723e-02,    2.691942e-03,    6.630143e-04,   -6.282464e-01,    1.315611e+00,   -1.718672e+00,   -5.145182e-03,    7.380550e-01,    5.643767e-01,   -1.659363e-01,    5.726811e-01,   -6.180800e-03,    1.452300e-03,    1.311200e-02,   -1.521500e-02,   -2.645400e-02,    2.051900e-02,    2.447800e-03,    1.505600e-03,    1.693900e-03,    1.693900e-03,    1.296600e-03,    1.296600e-03,    1.296600e-03,    1.296600e-03,    1.471300e-03,    1.471300e-03,
        16,    3.981000e+00,   -5.292126e-03,   -2.012720e-03,    1.940356e-02,   -1.949773e-02,   -3.263561e-02,    2.395337e-02,    2.831762e-03,    1.325122e-03,   -9.842303e-01,    8.807368e-01,   -4.237208e-01,   -1.486120e+00,    3.529881e-01,    4.722957e-01,   -7.535402e-01,    5.838584e-01,   -7.459500e-03,   -7.325000e-05,    1.867900e-02,   -2.203900e-02,   -3.203200e-02,    2.476100e-02,    1.631900e-03,    2.254800e-03,    2.202100e-03,    2.202100e-03,    1.710000e-03,    1.710000e-03,    1.710000e-03,    1.710000e-03,    1.592300e-03,    1.592300e-03,
        18,    1.584800e+00,    1.326816e-01,   -8.220775e-02,    6.390259e-02,   -6.308511e-02,   -4.265229e-01,    2.743207e-01,   -1.620929e-01,    1.518377e-01,   -5.777622e-02,    3.897497e-01,   -1.391043e+00,    4.128175e-01,    5.294309e-01,   -3.290168e+00,    8.173662e-01,   -3.985551e-01,    1.317400e-01,   -7.585600e-02,    5.039000e-02,   -5.907500e-02,   -4.213800e-01,    2.423600e-01,   -1.254700e-01,    1.339800e-01,    1.629700e-02,    1.629700e-02,    9.714000e-03,    9.714000e-03,    9.714000e-03,    9.714000e-03,    4.480600e-02,    4.480600e-02,
        18,    2.511800e+00,    1.560346e-01,   -1.044331e-01,    8.305242e-02,   -8.133479e-02,   -5.028575e-01,    3.511601e-01,   -2.128698e-01,    1.915528e-01,    6.975887e-02,   -2.435797e-01,   -1.565052e+00,    7.531397e-02,   -4.614724e-01,    1.810448e+00,    9.136656e-01,   -2.105264e-01,    1.575000e-01,   -1.095500e-01,    6.317000e-02,   -8.037800e-02,   -5.087200e-01,    3.741600e-01,   -1.595200e-01,    1.792600e-01,    2.100700e-02,    2.100700e-02,    1.270400e-02,    1.270400e-02,    1.270400e-02,    1.270400e-02,    5.839100e-02,    5.839100e-02,
        18,    3.981000e+00,    1.906594e-01,   -1.293267e-01,    1.089332e-01,   -1.007424e-01,   -6.164614e-01,    4.387214e-01,   -2.816845e-01,    2.289836e-01,    2.024525e-01,   -4.100347e-01,   -9.948686e-01,   -3.824478e-01,   -1.637904e+00,    3.030489e+00,    5.488467e-01,    7.218672e-02,    1.962700e-01,   -1.406900e-01,    9.210900e-02,   -1.072100e-01,   -6.441600e-01,    4.899700e-01,   -2.388300e-01,    2.346200e-01,    2.771300e-02,    2.771300e-02,    1.691100e-02,    1.691100e-02,    1.691100e-02,    1.691100e-02,    7.808100e-02,    7.808100e-02,
        19,    3.981000e+00,   -7.491289e-03,   -4.034042e-03,    2.360105e-02,   -2.396143e-02,   -3.024510e-02,    2.037066e-02,    6.359281e-03,   -4.870778e-03,    4.101324e-01,    1.669241e-01,   -1.295062e-02,    2.306776e-01,    1.472536e+00,   -1.879038e+00,    4.720306e-01,    3.206696e-01,   -6.521900e-03,   -3.639500e-03,    2.357200e-02,   -2.344400e-02,   -2.781600e-02,    1.727100e-02,    7.545400e-03,   -4.065000e-03,    2.363600e-03,    2.363600e-03,    2.243100e-03,    2.243100e-03,    1.649600e-03,    1.649600e-03,    2.512800e-03,    2.512800e-03,
        20,    1.584800e+00,   -1.709552e-02,    7.169214e-03,    2.531052e-02,   -2.286048e-02,   -3.832986e-02,    2.862303e-02,    5.110150e-03,    1.532346e-05,    2.824294e+00,    1.586636e+00,    2.442666e+00,   -1.097476e+00,   -1.167868e+00,   -1.912737e+00,    3.284752e+00,   -8.158358e-01,   -6.753800e-03,    1.297900e-02,    3.160600e-02,   -2.568900e-02,   -4.311800e-02,    2.078100e-02,    2.078400e-02,   -3.877600e-03,    3.661700e-03,    3.661700e-03,    2.577300e-03,    2.577300e-03,    4.099900e-03,    4.099900e-03,    4.771700e-03,    4.771700e-03,
        20,    2.511800e+00,   -1.981085e-02,    7.918719e-03,    3.113579e-02,   -3.048743e-02,   -4.648118e-02,    3.558525e-02,    5.225590e-03,    5.353215e-04,    1.135013e-01,    1.522463e+00,    1.210433e-01,   -7.137930e-01,   -1.960934e+00,   -1.266982e+00,    2.251292e+00,   -2.245420e-01,   -1.924200e-02,    1.554900e-02,    3.145300e-02,   -3.235800e-02,   -5.162000e-02,    3.226500e-02,    1.565200e-02,   -5.046000e-04,    5.011800e-03,    5.011800e-03,    2.620600e-03,    2.620600e-03,    2.620600e-03,    2.620600e-03,    4.631300e-03,    4.631300e-03,
        20,    3.981000e+00,   -2.329310e-02,    7.753674e-03,    3.903822e-02,   -3.997547e-02,   -5.725714e-02,    4.315865e-02,    5.097314e-03,    1.241569e-03,   -7.877108e-01,    6.653010e-01,   -9.958781e-01,   -9.305219e-01,   -1.326683e+00,    6.368634e-01,    1.169454e+00,    5.825674e-01,   -2.818100e-02,    1.188200e-02,    3.578200e-02,   -4.301800e-02,   -6.159500e-02,    4.524100e-02,    1.014000e-02,    3.753600e-03,    6.205200e-03,    6.205200e-03,    3.269700e-03,    3.269700e-03,    3.269700e-03,    3.269700e-03,    4.312000e-03,    4.312000e-03,
        23,    2.511800e+00,   -6.305091e-03,   -5.915609e-04,    2.239658e-02,   -1.824237e-02,   -2.542704e-02,    1.455770e-02,    4.806858e-04,    3.355654e-04,    1.817509e-01,   -7.028439e-01,   -4.551074e-01,    3.561378e+00,    1.415028e+00,   -3.673125e+00,    1.447737e+00,    4.653510e-01,   -5.962600e-03,   -1.916000e-03,    2.170200e-02,   -1.280700e-02,   -2.323700e-02,    8.872800e-03,    2.118800e-03,    8.621100e-04,    1.884400e-03,    1.884400e-03,    1.526200e-03,    1.526200e-03,    1.547700e-03,    1.547700e-03,    1.131500e-03,    1.131500e-03,
        23,    3.981000e+00,   -6.001629e-03,   -1.803577e-03,    2.853845e-02,   -2.199487e-02,   -3.010196e-02,    1.633121e-02,   -8.278130e-05,   -1.771199e-04,    1.200535e-01,   -3.914080e-01,   -3.518008e-01,    1.825028e+00,   -9.988631e-01,   -8.060502e-01,    1.860026e+00,    1.018577e-01,   -5.738700e-03,   -2.660800e-03,    2.793300e-02,   -1.885400e-02,   -3.182100e-02,    1.494400e-02,    2.568500e-03,   -3.193200e-05,    2.190100e-03,    2.190100e-03,    1.721000e-03,    1.721000e-03,    1.721000e-03,    1.721000e-03,    1.425400e-03,    1.425400e-03,
        24,    1.584800e+00,   -9.078932e-03,   -2.548131e-04,    1.419126e-02,   -1.197270e-02,   -1.790301e-02,    1.163377e-02,    2.353869e-03,    5.593441e-04,   -1.001915e+00,    1.550052e-02,    9.765668e-01,    1.030625e+00,   -1.854645e-01,   -3.593156e-01,    4.404439e-02,    4.477019e-01,   -1.126000e-02,   -2.210700e-04,    1.516600e-02,   -1.094400e-02,   -1.813000e-02,    1.119400e-02,    2.403300e-03,    1.061800e-03,    2.176900e-03,    2.176900e-03,    9.981300e-04,    9.981300e-04,    1.223900e-03,    1.223900e-03,    1.122300e-03,    1.122300e-03,
        24,    2.511800e+00,   -9.248929e-03,   -2.286101e-03,    1.741194e-02,   -1.592156e-02,   -2.068436e-02,    1.396806e-02,    2.204707e-03,    1.146572e-03,   -7.193534e-01,    3.084816e-01,    4.458854e-01,    3.423191e-01,   -1.039939e-01,    3.853178e-01,   -1.721090e-01,    1.195951e-01,   -1.100300e-02,   -1.533900e-03,    1.820200e-02,   -1.531500e-02,   -2.081200e-02,    1.444100e-02,    2.004200e-03,    1.285900e-03,    2.438400e-03,    2.438400e-03,    1.771900e-03,    1.771900e-03,    1.227400e-03,    1.227400e-03,    1.165000e-03,    1.165000e-03,
        24,    3.981000e+00,   -8.176179e-03,   -4.872232e-03,    2.197892e-02,   -2.051775e-02,   -2.374703e-02,    1.722104e-02,    1.696157e-03,    1.814209e-03,   -4.281709e-01,    3.682345e-01,    1.584834e-01,    3.346574e-02,   -4.599032e-01,    3.693628e-01,   -1.147668e-01,   -1.369790e-01,   -9.299100e-03,   -3.906500e-03,    2.238500e-02,   -2.043200e-02,   -2.444300e-02,    1.778000e-02,    1.553800e-03,    1.644300e-03,    2.622600e-03,    2.622600e-03,    2.562300e-03,    2.562300e-03,    1.513300e-03,    1.513300e-03,    1.240400e-03,    1.240400e-03,
        25,    2.511800e+00,    4.714538e-02,   -2.958743e-02,    3.346611e-02,   -3.877038e-02,   -1.107269e-01,    6.808141e-02,   -1.430787e-02,    2.222914e-02,    1.814010e+00,    2.740007e+00,   -3.131088e-01,    1.712676e+00,    4.266446e+00,   -6.855211e+00,    2.142513e+00,   -2.879364e+00,    6.174000e-02,   -7.542700e-03,    3.241100e-02,   -3.299900e-02,   -9.112900e-02,    3.659200e-02,   -4.327400e-03,    8.816200e-03,    8.045500e-03,    8.045500e-03,    3.369800e-03,    3.369800e-03,    4.593500e-03,    4.593500e-03,    4.658300e-03,    4.658300e-03,
        25,    3.981000e+00,    5.437335e-02,   -3.984371e-02,    4.158237e-02,   -5.019235e-02,   -1.249749e-01,    9.122433e-02,   -1.883216e-02,    2.823233e-02,    9.872023e-01,    6.607015e-01,   -8.518141e-02,    5.826812e-01,   -1.046171e+00,   -1.023577e+00,   -1.297862e+00,    4.293597e-01,    6.435100e-02,   -3.316600e-02,    4.116100e-02,   -4.731000e-02,   -1.301500e-01,    8.616100e-02,   -3.592500e-02,    3.388700e-02,    1.010700e-02,    1.010700e-02,    4.946700e-03,    4.946700e-03,    4.946700e-03,    4.946700e-03,    1.317000e-02,    1.317000e-02,
        27,    2.511800e+00,    8.331638e-04,   -1.892897e-03,    2.712011e-02,   -2.203769e-02,   -2.514132e-02,    1.603552e-02,   -9.681026e-04,    1.472881e-03,    2.310153e+00,    8.244175e-01,    3.659100e-01,    6.233880e-01,    7.720239e-01,   -2.099633e+00,    2.336736e-01,   -6.153910e-01,    5.712900e-03,   -1.514800e-04,    2.812600e-02,   -2.032400e-02,   -2.382000e-02,    1.244200e-02,   -7.676200e-04,    9.449000e-04,    2.112300e-03,    2.112300e-03,    2.749000e-03,    2.749000e-03,    1.711500e-03,    1.711500e-03,    8.579600e-04,    8.579600e-04,
        27,    3.981000e+00,    1.956126e-03,   -2.041593e-03,    3.443454e-02,   -2.643067e-02,   -2.993924e-02,    1.871641e-02,   -1.984722e-03,    1.192864e-03,    2.160628e+00,    1.231055e+00,   -4.845079e-01,    7.813606e-01,    3.509877e-01,   -2.237628e+00,    1.452713e+00,   -1.109755e+00,    7.773400e-03,    1.272900e-03,    3.301600e-02,   -2.414300e-02,   -2.929700e-02,    1.462200e-02,   -8.193700e-04,    3.026300e-04,    2.692400e-03,    2.692400e-03,    2.927800e-03,    2.927800e-03,    1.829800e-03,    1.829800e-03,    8.021900e-04,    8.021900e-04,
        28,    3.981000e+00,    4.611194e-03,   -8.861808e-03,    2.057065e-02,   -2.518842e-02,   -2.567730e-02,    2.072981e-02,   -1.660314e-03,    5.975496e-03,    8.455571e-01,    8.290925e-01,   -1.812962e-01,    1.084365e+00,    4.810240e-01,    6.138521e-01,    1.141313e-01,   -2.852852e-01,    6.706400e-03,   -6.807400e-03,    1.980000e-02,   -2.057900e-02,   -2.424000e-02,    2.256400e-02,   -1.427600e-03,    5.393800e-03,    2.477900e-03,    2.477900e-03,    4.250800e-03,    4.250800e-03,    2.988000e-03,    2.988000e-03,    2.039000e-03,    2.039000e-03,
        29,    1.584800e+00,    9.818641e-02,   -7.112814e-02,    4.466194e-02,   -4.984057e-02,   -1.589165e-01,    1.191526e-01,   -4.370028e-02,    5.121798e-02,    4.764879e-01,   -2.691923e-01,   -8.140787e-01,   -1.365819e-01,    1.143194e-01,    2.783889e-02,    9.089405e-02,    2.381799e-01,    1.047000e-01,   -7.480800e-02,    4.005800e-02,   -5.061300e-02,   -1.582700e-01,    1.193100e-01,   -4.209900e-02,    5.541400e-02,    1.367000e-02,    1.367000e-02,    5.655400e-03,    5.655400e-03,    5.655400e-03,    5.655400e-03,    1.761700e-02,    1.761700e-02,
        29,    2.511800e+00,    1.204063e-01,   -8.762563e-02,    5.834527e-02,   -6.785876e-02,   -1.944437e-01,    1.483102e-01,   -5.971408e-02,    6.863367e-02,    3.535769e-01,   -2.647678e-01,   -4.337945e-01,   -5.545118e-01,    2.992731e-01,    1.776216e-01,    1.743205e-03,    3.100920e-01,    1.267300e-01,   -9.236100e-02,    5.512200e-02,   -7.197900e-02,   -1.922200e-01,    1.496300e-01,   -5.967400e-02,    7.576300e-02,    1.788500e-02,    1.788500e-02,    7.430400e-03,    7.430400e-03,    7.430400e-03,    7.430400e-03,    2.299100e-02,    2.299100e-02,
        29,    3.981000e+00,    1.509922e-01,   -1.035264e-01,    7.913016e-02,   -8.859550e-02,   -2.433462e-01,    1.786380e-01,   -8.405801e-02,    8.648969e-02,    4.431828e-01,   -3.483189e-01,    4.555540e-01,   -5.132625e-01,   -5.535400e-01,    8.840354e-01,   -3.092273e-01,    2.394483e-01,    1.614300e-01,   -1.117300e-01,    8.363500e-02,   -9.367100e-02,   -2.488200e-01,    1.873800e-01,   -9.347800e-02,    9.378400e-02,    2.355200e-02,    2.355200e-02,    9.888700e-03,    9.888700e-03,    9.888700e-03,    9.888700e-03,    3.046300e-02,    3.046300e-02,
        30,    1.584800e+00,    2.199548e-01,   -1.547127e-01,    1.053913e-01,   -1.117589e-01,   -3.720324e-01,    2.687156e-01,   -1.470826e-01,    1.557391e-01,    3.402545e-01,   -2.415750e-02,   -9.160388e-01,   -3.340505e-01,   -9.661202e-01,   -1.533953e-01,    4.220833e-01,    1.608227e-01,    2.303400e-01,   -1.554500e-01,    9.329500e-02,   -1.161700e-01,   -3.847900e-01,    2.666900e-01,   -1.273700e-01,    1.632500e-01,    3.052200e-02,    3.052200e-02,    1.320500e-02,    1.320500e-02,    1.320500e-02,    1.320500e-02,    4.670300e-02,    4.670300e-02,
        30,    2.511800e+00,    2.698690e-01,   -1.891963e-01,    1.381335e-01,   -1.498753e-01,   -4.560043e-01,    3.314013e-01,   -1.957731e-01,    2.067609e-01,    2.255354e-01,    2.439574e-02,   -6.356513e-01,   -4.892169e-01,   -5.369320e-01,   -2.165981e-01,    2.135405e-01,    1.329369e-01,    2.787100e-01,   -1.882400e-01,    1.273300e-01,   -1.581900e-01,   -4.651300e-01,    3.277200e-01,   -1.829400e-01,    2.147500e-01,    3.920000e-02,    3.920000e-02,    1.699600e-02,    1.699600e-02,    1.699600e-02,    1.699600e-02,    6.009700e-02,    6.009700e-02,
        30,    3.981000e+00,    3.384029e-01,   -2.204589e-01,    1.867952e-01,   -1.913132e-01,   -5.714589e-01,    3.919076e-01,   -2.679564e-01,    2.586793e-01,    2.091640e-01,   -9.535653e-02,    1.668627e-01,   -3.019220e-01,    1.463958e-01,    6.621735e-02,   -8.291707e-02,    1.209486e-01,    3.490000e-01,   -2.252900e-01,    1.904300e-01,   -1.978900e-01,   -5.682700e-01,    3.933500e-01,   -2.743600e-01,    2.680200e-01,    5.066400e-02,    5.066400e-02,    2.178300e-02,    2.178300e-02,    2.178300e-02,    2.178300e-02,    7.722900e-02,    7.722900e-02,
        31,    1.584800e+00,    1.863729e-03,   -7.935514e-04,    2.188023e-02,   -2.546300e-02,   -5.229129e-02,    3.673210e-02,    6.690633e-03,   -2.426599e-03,    1.429303e+00,    8.458361e-01,   -2.198611e+00,   -1.228057e+00,   -1.085956e+00,    9.423577e-01,    1.662935e+00,    1.033308e+00,    4.487500e-03,    7.591500e-04,    1.670800e-02,   -2.835200e-02,   -5.484600e-02,    3.894900e-02,    1.454900e-02,    2.456400e-03,    1.835700e-03,    1.835700e-03,    2.352500e-03,    2.352500e-03,    2.352500e-03,    2.352500e-03,    4.725600e-03,    4.725600e-03,
        31,    2.511800e+00,    2.327776e-03,   -9.946521e-04,    2.711484e-02,   -3.518668e-02,   -6.122388e-02,    4.650919e-02,    7.334513e-03,   -2.489028e-03,    7.004528e-01,    1.040245e+00,   -1.789147e+00,   -7.724553e-01,   -1.383309e+00,    4.028278e-01,    1.257506e+00,    3.482748e-01,    3.679300e-03,    1.012500e-03,    2.181700e-02,   -3.747400e-02,   -6.532000e-02,    4.770200e-02,    1.359400e-02,   -7.554200e-04,    1.929500e-03,    1.929500e-03,    2.961100e-03,    2.961100e-03,    2.961100e-03,    2.961100e-03,    4.977700e-03,    4.977700e-03,
        31,    3.981000e+00,    3.253913e-03,   -8.771933e-04,    3.426920e-02,   -4.824954e-02,   -7.408670e-02,    5.939191e-02,    7.559536e-03,   -2.640656e-03,   -2.085506e-02,    1.165189e+00,   -9.758959e-01,    3.889128e-01,   -1.049240e+00,   -1.574301e-01,    1.003252e+00,   -2.835525e-02,    3.209600e-03,    1.598600e-03,    3.066200e-02,   -4.681200e-02,   -7.796500e-02,    5.881000e-02,    1.297800e-02,   -2.793800e-03,    2.124800e-03,    2.124800e-03,    3.696300e-03,    3.696300e-03,    3.696300e-03,    3.696300e-03,    5.400900e-03,    5.400900e-03,
        32,    2.511800e+00,   -4.566481e-03,    1.626351e-03,    9.977986e-03,   -1.093158e-02,   -1.926601e-02,    1.609573e-02,    4.082493e-03,   -1.206164e-03,   -8.113271e-01,    7.080708e-01,   -5.176600e-01,   -4.004949e-01,   -6.562051e-02,   -3.091327e-01,    1.338822e-01,   -2.334200e-01,   -5.742500e-03,    2.652700e-03,    9.481100e-03,   -1.131600e-02,   -1.932900e-02,    1.579900e-02,    4.297200e-03,   -1.580500e-03,    1.449500e-03,    1.449500e-03,    9.598700e-04,    9.598700e-04,    9.598700e-04,    9.598700e-04,    1.603700e-03,    1.603700e-03,
        32,    3.981000e+00,   -5.354403e-03,    1.645013e-03,    1.237125e-02,   -1.491272e-02,   -2.395493e-02,    2.006486e-02,    4.110778e-03,   -1.729836e-03,   -1.024310e+00,    4.460375e-01,    1.897553e-02,   -4.252817e-01,   -2.924789e-01,    1.415315e-01,   -5.478308e-02,   -2.176591e-01,   -7.246200e-03,    2.468800e-03,    1.239500e-02,   -1.544500e-02,   -2.432100e-02,    2.024200e-02,    4.012300e-03,   -2.121100e-03,    1.846900e-03,    1.846900e-03,    1.251600e-03,    1.251600e-03,    1.251600e-03,    1.251600e-03,    1.797600e-03,    1.797600e-03,
        33,    1.584800e+00,    4.049677e-03,   -3.090334e-03,    1.800450e-02,   -2.166397e-02,   -6.353965e-02,    4.208136e-02,    9.621148e-04,    3.210951e-03,    6.023867e-02,    1.266432e+00,    1.024967e-01,    1.329473e+00,    1.257455e-01,   -1.624179e+00,   -1.264882e+00,    1.482916e+00,    4.145300e-03,   -1.080000e-03,    1.823000e-02,   -1.873900e-02,   -6.326300e-02,    3.850800e-02,   -4.272600e-03,    9.348000e-03,    1.587400e-03,    1.587400e-03,    2.200100e-03,    2.200100e-03,    2.200100e-03,    2.200100e-03,    4.138500e-03,    4.138500e-03,
        33,    2.511800e+00,    5.198147e-03,   -4.031996e-03,    2.265667e-02,   -2.963595e-02,   -7.308310e-02,    5.297311e-02,    2.178110e-05,    5.173884e-03,   -4.616753e-01,    2.126614e+00,    1.268658e-01,    9.042242e-01,   -1.788364e+00,   -3.442822e-01,   -1.458809e+00,    1.275248e+00,    4.338600e-03,   -7.266600e-05,    2.302300e-02,   -2.702500e-02,   -7.824700e-02,    5.197900e-02,   -8.117500e-03,    1.228900e-02,    1.861800e-03,    1.861800e-03,    2.887500e-03,    2.887500e-03,    2.887500e-03,    2.887500e-03,    5.579400e-03,    5.579400e-03,
        34,    1.584800e+00,   -1.359749e-02,    3.884788e-03,    1.953397e-02,   -1.442604e-02,   -2.013996e-02,    1.355804e-02,    2.643957e-03,   -1.200774e-04,    3.817925e-01,    1.550167e-02,   -2.244493e+00,    1.551012e+00,    2.445818e-01,    3.467691e-01,   -1.900856e+00,   -2.125213e+00,   -1.268100e-02,    3.922000e-03,    1.542700e-02,   -1.158800e-02,   -1.961100e-02,    1.430800e-02,    3.194000e-04,   -2.719000e-03,    2.400500e-03,    2.400500e-03,    1.829800e-03,    1.829800e-03,    2.162700e-03,    2.162700e-03,    1.222900e-03,    1.222900e-03,
        34,    2.511800e+00,   -1.501188e-02,    2.978319e-03,    2.412233e-02,   -1.801413e-02,   -2.384044e-02,    1.674615e-02,    2.466981e-03,   -2.386220e-05,    8.999630e-01,    6.627719e-01,   -1.719190e+00,    9.917123e-01,   -4.056075e-01,   -1.626328e-02,   -2.283685e+00,   -2.171440e+00,   -1.253500e-02,    4.802400e-03,    1.973100e-02,   -1.548100e-02,   -2.471700e-02,    1.671100e-02,   -1.043500e-03,   -3.361800e-03,    2.752200e-03,    2.752200e-03,    2.554300e-03,    2.554300e-03,    2.161100e-03,    2.161100e-03,    1.537200e-03,    1.537200e-03,
        34,    3.981000e+00,   -1.595350e-02,    1.753839e-03,    3.001479e-02,   -2.155829e-02,   -2.881374e-02,    2.047694e-02,    2.073231e-03,   -2.610099e-04,    1.138060e+00,    1.222037e+00,   -9.584070e-01,    3.744400e-01,   -8.547444e-01,   -6.387525e-01,   -2.454131e+00,   -2.132225e+00,   -1.229100e-02,    5.686600e-03,    2.715500e-02,   -2.044100e-02,   -3.066700e-02,    1.909200e-02,   -3.336900e-03,   -4.961500e-03,    3.218200e-03,    3.218200e-03,    2.983900e-03,    2.983900e-03,    2.168200e-03,    2.168200e-03,    2.204500e-03,    2.204500e-03,
        35,    1.584800e+00,   -3.075713e-03,   -1.003772e-04,    2.087272e-02,   -1.096668e-02,   -1.019056e-02,    1.290055e-02,    1.086902e-02,    3.487578e-04,    1.769830e-01,   -1.647075e+00,   -6.317243e-01,   -6.835159e-01,   -1.787141e+00,   -2.001334e+00,   -4.895173e-02,   -2.259459e-01,   -2.829600e-03,   -2.390800e-03,    1.973100e-02,   -1.220200e-02,   -1.253600e-02,    1.027400e-02,    1.077200e-02,   -9.906700e-05,    1.390600e-03,    1.390600e-03,    1.807300e-03,    1.807300e-03,    1.312400e-03,    1.312400e-03,    1.982000e-03,    1.982000e-03,
        35,    2.511800e+00,   -2.914528e-03,   -7.560728e-04,    2.372454e-02,   -1.369329e-02,   -1.356438e-02,    1.670434e-02,    1.072737e-02,    1.341777e-03,    2.026200e-01,   -6.371558e-01,   -4.735334e-01,   -5.647088e-01,   -2.674544e-01,   -9.261645e-01,   -1.040672e-01,   -2.884393e-01,   -2.635500e-03,   -1.633500e-03,    2.282000e-02,   -1.477200e-02,   -1.388300e-02,    1.560100e-02,    1.049600e-02,    7.004900e-04,    1.377100e-03,    1.377100e-03,    1.910200e-03,    1.910200e-03,    1.191300e-03,    1.191300e-03,    2.223300e-03,    2.223300e-03,
        35,    3.981000e+00,   -2.654005e-03,   -1.236992e-03,    2.674632e-02,   -1.704329e-02,   -1.798006e-02,    2.133159e-02,    9.950572e-03,    2.323450e-03,   -3.811316e-02,    1.122399e+00,    1.996460e-01,    2.972631e-01,   -1.516999e-01,    3.496643e-01,   -2.670180e-03,    2.116604e-01,   -2.707200e-03,    3.295400e-04,    2.722000e-02,   -1.633800e-02,   -1.820800e-02,    2.185700e-02,    9.943700e-03,    2.868200e-03,    1.395700e-03,    1.395700e-03,    2.372600e-03,    2.372600e-03,    1.502600e-03,    1.502600e-03,    2.573700e-03,    2.573700e-03,
        36,    1.584800e+00,    8.448701e-03,   -4.083196e-03,    2.239336e-02,   -2.187202e-02,   -1.288254e-01,    8.626149e-02,   -5.341784e-03,    6.862886e-03,    6.774950e-01,    3.904154e-01,    7.990742e-01,   -3.257887e-01,   -1.671480e+00,    1.892835e+00,    8.659216e-01,   -5.582260e-01,    1.040700e-02,   -2.954700e-03,    2.539300e-02,   -2.309500e-02,   -1.351000e-01,    9.336700e-02,   -1.689500e-03,    4.508400e-03,    2.890500e-03,    2.890500e-03,    3.753900e-03,    3.753900e-03,    3.753900e-03,    3.753900e-03,    4.217800e-03,    4.217800e-03,
        36,    2.511800e+00,    1.030274e-02,   -4.245292e-03,    2.735267e-02,   -2.972115e-02,   -1.547960e-01,    1.042163e-01,   -1.003087e-02,    7.552165e-03,    5.262696e-01,    1.080725e-01,    3.268132e-01,   -3.326409e-01,   -1.582943e+00,    8.995064e-01,    1.473896e+00,    1.393815e-02,    1.214000e-02,   -3.868000e-03,    2.884000e-02,   -3.123500e-02,   -1.620000e-01,    1.083100e-01,   -1.430100e-03,    7.633500e-03,    3.491100e-03,    3.491100e-03,    4.551000e-03,    4.551000e-03,    4.551000e-03,    4.551000e-03,    5.835400e-03,    5.835400e-03,
        36,    3.981000e+00,    1.250768e-02,   -3.440990e-03,    3.407344e-02,   -3.981149e-02,   -1.888772e-01,    1.223675e-01,   -1.674341e-02,    5.120347e-03,    3.532119e-01,   -2.271810e-01,   -2.120904e-01,   -4.002773e-01,   -1.466483e+00,    4.502810e-01,    1.227630e+00,    5.345641e-01,    1.399000e-02,   -4.394400e-03,    3.289000e-02,   -4.204500e-02,   -1.970600e-01,    1.248800e-01,   -7.114500e-03,    9.313200e-03,    4.196700e-03,    4.196700e-03,    5.579900e-03,    5.579900e-03,    5.579900e-03,    5.579900e-03,    7.843500e-03,    7.843500e-03,
        37,    2.511800e+00,    1.907099e-02,   -1.278192e-02,    3.632353e-02,   -4.466212e-02,   -6.890471e-02,    5.851224e-02,   -2.701521e-03,    4.065788e-03,    1.005908e+00,    3.247511e-01,    1.609441e-01,   -2.707429e-01,    6.151442e-01,    6.055371e-01,    1.294735e+00,    5.354923e-01,    2.511700e-02,   -1.083000e-02,    3.690900e-02,   -4.564700e-02,   -6.666700e-02,    6.071500e-02,    1.919000e-03,    5.976800e-03,    6.010500e-03,    6.010500e-03,    3.637700e-03,    3.637700e-03,    3.637700e-03,    3.637700e-03,    3.568700e-03,    3.568700e-03,
        37,    3.981000e+00,    2.368812e-02,   -1.549797e-02,    4.612566e-02,   -6.032762e-02,   -8.358104e-02,    7.781655e-02,   -4.974730e-03,    4.860237e-03,    5.274151e-01,    5.720939e-01,   -1.284874e-01,   -5.448018e-02,    6.758276e-02,    8.997990e-01,   -3.073951e-01,    6.071413e-01,    2.744300e-02,   -1.142500e-02,    4.552100e-02,   -6.058400e-02,   -8.326300e-02,    8.205100e-02,   -6.581300e-03,    8.033400e-03,    7.119400e-03,    7.119400e-03,    4.706000e-03,    4.706000e-03,    4.706000e-03,    4.706000e-03,    5.226400e-03,    5.226400e-03,
        39,    1.584800e+00,   -6.708225e-03,    3.072088e-03,    1.351167e-02,   -1.336013e-02,   -2.113860e-02,    1.572998e-02,    3.434591e-03,    1.148797e-04,    1.626584e+00,    2.108679e-01,   -7.218831e-01,   -8.839868e-01,    6.023384e-01,   -5.101065e-02,   -5.692538e-03,   -1.188757e-01,   -4.218900e-03,    3.394800e-03,    1.249100e-02,   -1.461000e-02,   -2.020600e-02,    1.565100e-02,    3.426600e-03,   -5.199800e-05,    1.530400e-03,    1.530400e-03,    1.413900e-03,    1.413900e-03,    1.548300e-03,    1.548300e-03,    1.403800e-03,    1.403800e-03,
        39,    2.511800e+00,   -8.018020e-03,    3.425494e-03,    1.683114e-02,   -1.826570e-02,   -2.574446e-02,    1.963525e-02,    3.494166e-03,    5.266853e-04,   -1.115258e-01,    7.418393e-01,    1.740650e-01,   -1.118051e+00,    7.676424e-01,    5.370285e-01,   -1.075362e-01,   -4.023044e-01,   -8.287500e-03,    5.218000e-03,    1.713400e-02,   -2.021100e-02,   -2.462700e-02,    2.041700e-02,    3.327700e-03,   -9.608200e-05,    2.416300e-03,    2.416300e-03,    1.739900e-03,    1.739900e-03,    1.455700e-03,    1.455700e-03,    1.548000e-03,    1.548000e-03,
        39,    3.981000e+00,   -9.825331e-03,    3.298201e-03,    2.177963e-02,   -2.441427e-02,   -3.193228e-02,    2.373523e-02,    3.366820e-03,    1.007467e-03,   -7.591907e-01,    6.414484e-01,    1.091800e+00,   -8.370905e-01,   -2.132317e-01,    7.992675e-01,   -2.463613e-01,   -3.437587e-02,   -1.230500e-02,    5.393300e-03,    2.385700e-02,   -2.600700e-02,   -3.233800e-02,    2.525600e-02,    2.950100e-03,    9.493200e-04,    3.266200e-03,    3.266200e-03,    1.902700e-03,    1.902700e-03,    1.902700e-03,    1.902700e-03,    1.691500e-03,    1.691500e-03,
        40,    1.584800e+00,   -8.724469e-03,    1.061063e-03,    1.960614e-02,   -1.541749e-02,   -1.377437e-02,    1.113466e-02,    3.147468e-03,   -1.123870e-03,    2.327728e+00,    2.662936e+00,    1.636373e-01,   -6.198846e-02,   -4.048610e-01,   -4.411186e-01,    1.937009e+00,    6.462955e-02,   -3.839500e-03,    6.649500e-03,    2.014600e-02,   -1.562200e-02,   -1.433300e-02,    1.052600e-02,    6.224600e-03,   -1.021200e-03,    2.098600e-03,    2.098600e-03,    3.299100e-03,    3.299100e-03,    1.379800e-03,    1.379800e-03,    1.588600e-03,    1.588600e-03,
        40,    2.511800e+00,   -9.632169e-03,    3.772139e-04,    2.393151e-02,   -1.975658e-02,   -1.679306e-02,    1.402918e-02,    3.788158e-03,   -1.127950e-03,   -1.056203e+00,    8.916590e-01,    4.100798e-01,   -1.004731e+00,   -7.114643e-01,    9.805876e-02,    1.203782e+00,    8.633927e-01,   -1.294400e-02,    3.173100e-03,    2.467900e-02,   -2.158800e-02,   -1.776400e-02,    1.416300e-02,    5.876600e-03,    3.699500e-04,    3.135600e-03,    3.135600e-03,    1.822800e-03,    1.822800e-03,    1.364700e-03,    1.364700e-03,    1.734900e-03,    1.734900e-03,
        40,    3.981000e+00,   -1.071252e-02,   -1.261101e-03,    2.932152e-02,   -2.480201e-02,   -2.078404e-02,    1.737311e-02,    4.599092e-03,   -7.289765e-04,   -2.303600e+00,   -3.227604e-01,   -4.186899e-01,   -1.948994e+00,   -1.603316e-01,    1.669233e-01,    2.638116e-01,    1.500857e+00,   -2.070600e-02,   -2.661300e-03,    2.862700e-02,   -2.803500e-02,   -2.105000e-02,    1.765000e-02,    5.084400e-03,    2.032000e-03,    4.338200e-03,    4.338200e-03,    1.658800e-03,    1.658800e-03,    1.658800e-03,    1.658800e-03,    1.839600e-03,    1.839600e-03,
        41,    1.584800e+00,    1.359306e-02,   -8.911369e-03,    1.044324e-02,   -1.083878e-02,   -2.523339e-02,    1.839553e-02,   -5.794422e-03,    5.886962e-03,    6.114299e-01,   -3.678047e-03,   -1.050151e-01,   -7.852730e-01,    1.701920e-01,    4.837577e-01,    1.660889e-01,    4.550553e-01,    1.511100e-02,   -8.920500e-03,    1.032700e-02,   -1.170800e-02,   -2.504500e-02,    1.893100e-02,   -5.379200e-03,    7.024600e-03,    2.482600e-03,    2.482600e-03,    1.106900e-03,    1.106900e-03,    1.106900e-03,    1.106900e-03,    2.500000e-03,    2.500000e-03,
        41,    2.511800e+00,    1.682829e-02,   -1.041763e-02,    1.313260e-02,   -1.483392e-02,   -3.092391e-02,    2.234452e-02,   -7.868618e-03,    7.630667e-03,    6.843041e-01,   -1.511704e-01,    3.845718e-01,   -9.204916e-01,    8.761682e-01,    7.234926e-02,   -4.903983e-02,    2.421917e-01,    1.903900e-02,   -1.090600e-02,    1.367200e-02,   -1.612500e-02,   -2.969500e-02,    2.244600e-02,   -8.021500e-03,    8.385700e-03,    3.230600e-03,    3.230600e-03,    1.402600e-03,    1.402600e-03,    1.402600e-03,    1.402600e-03,    3.117500e-03,    3.117500e-03,
        41,    3.981000e+00,    2.100625e-02,   -1.118201e-02,    1.709209e-02,   -1.976378e-02,   -3.836628e-02,    2.610109e-02,   -1.088945e-02,    9.161380e-03,    4.064790e-01,   -1.572638e-01,    9.966479e-01,   -3.994730e-01,    8.777243e-01,    7.572651e-01,   -3.398783e-02,    6.816337e-02,    2.263200e-02,   -1.181100e-02,    1.887400e-02,   -2.047800e-02,   -3.679700e-02,    2.745500e-02,   -1.102100e-02,    9.425200e-03,    3.999600e-03,    3.999600e-03,    1.787900e-03,    1.787900e-03,    1.787900e-03,    1.787900e-03,    3.870400e-03,    3.870400e-03,
        42,    1.584800e+00,   -4.540350e-03,    3.311152e-03,    1.191605e-02,   -1.314352e-02,   -1.802771e-02,    1.536240e-02,    3.696731e-03,    6.744170e-04,   -4.459090e-01,    9.263279e-02,    3.620556e-01,   -2.456530e-01,   -1.394494e+00,   -7.388299e-01,    2.169254e-01,   -1.061098e+00,   -5.255900e-03,    3.459800e-03,    1.229700e-02,   -1.340200e-02,   -1.949500e-02,    1.458500e-02,    4.022900e-03,   -9.210500e-04,    1.604700e-03,    1.604700e-03,    1.052200e-03,    1.052200e-03,    1.052200e-03,    1.052200e-03,    1.503600e-03,    1.503600e-03,
        42,    2.511800e+00,   -5.938720e-03,    4.569226e-03,    1.521166e-02,   -1.869511e-02,   -2.215532e-02,    2.023512e-02,    3.108919e-03,    1.285541e-03,   -5.934288e-01,   -2.512535e-01,    5.920580e-01,   -3.173282e-01,   -1.365394e+00,   -2.630367e-01,    7.222082e-01,   -1.231488e+00,   -7.217500e-03,    4.027800e-03,    1.603800e-02,   -1.913800e-02,   -2.406100e-02,    1.986800e-02,    4.389900e-03,   -8.987500e-04,    2.154900e-03,    2.154900e-03,    1.395700e-03,    1.395700e-03,    1.395700e-03,    1.395700e-03,    1.773700e-03,    1.773700e-03,
        42,    3.981000e+00,   -8.603760e-03,    5.391449e-03,    2.100751e-02,   -2.536032e-02,   -2.831325e-02,    2.588951e-02,    1.739801e-03,    1.076482e-03,   -4.713644e-01,   -6.073788e-01,    5.247923e-01,    4.026920e-02,   -1.244437e+00,   -4.094623e-01,    1.425484e+00,   -8.779269e-01,   -9.935600e-03,    3.675300e-03,    2.196300e-02,   -2.528700e-02,   -3.057900e-02,    2.514400e-02,    4.661900e-03,   -7.231800e-04,    2.825500e-03,    2.825500e-03,    1.820700e-03,    1.820700e-03,    1.820700e-03,    1.820700e-03,    2.049900e-03,    2.049900e-03,
        44,    1.584800e+00,   -1.427431e-02,    2.752419e-03,    1.821916e-02,   -1.677060e-02,   -3.142283e-02,    1.858180e-02,    4.022552e-03,    1.796946e-04,   -8.564907e-01,    4.654767e-01,   -2.334583e+00,    3.505774e-01,   -3.741332e-01,   -4.219160e-01,   -7.022386e-01,    6.991195e-01,   -1.677800e-02,    4.113100e-03,    1.479900e-02,   -1.625700e-02,   -3.206200e-02,    1.786100e-02,    2.886400e-03,    1.310800e-03,    2.923200e-03,    2.923200e-03,    1.465000e-03,    1.465000e-03,    1.708400e-03,    1.708400e-03,    1.617900e-03,    1.617900e-03,
        44,    2.511800e+00,   -1.576992e-02,    1.164477e-03,    2.274115e-02,   -2.244531e-02,   -3.670259e-02,    2.153901e-02,    3.959499e-03,    6.844130e-04,   -8.424748e-01,    3.267999e-01,   -1.866519e+00,   -2.280287e-01,   -2.273135e-01,   -2.891713e-01,   -1.150221e+00,    2.806476e-01,   -1.878000e-02,    2.332100e-03,    1.940400e-02,   -2.285300e-02,   -3.710900e-02,    2.102200e-02,    2.192300e-03,    1.115600e-03,    3.572900e-03,    3.572900e-03,    1.787900e-03,    1.787900e-03,    1.787900e-03,    1.787900e-03,    1.536400e-03,    1.536400e-03,
        44,    3.981000e+00,   -1.661803e-02,   -1.509232e-03,    2.916813e-02,   -2.903101e-02,   -4.264590e-02,    2.478381e-02,    3.612669e-03,    1.196403e-03,   -8.396674e-01,    1.695208e-01,   -1.245255e+00,   -5.171118e-01,   -2.981595e-01,    3.896825e-02,   -7.112122e-01,    1.376592e-01,   -2.020400e-02,   -7.852600e-04,    2.638200e-02,   -3.018800e-02,   -4.331300e-02,    2.487100e-02,    2.359300e-03,    1.439000e-03,    4.270700e-03,    4.270700e-03,    2.237400e-03,    2.237400e-03,    2.237400e-03,    2.237400e-03,    1.762300e-03,    1.762300e-03,
        45,    1.584800e+00,   -5.407585e-04,    7.559380e-04,    1.341638e-02,   -1.030557e-02,   -1.083172e-02,    1.338254e-02,    2.667530e-03,   -1.603349e-04,   -1.095353e-01,   -3.593282e-01,    2.836533e-01,    2.324026e-01,    4.591013e-01,    2.829814e-02,    1.701821e-01,   -9.789764e-02,   -6.021300e-04,    5.546100e-04,    1.381900e-02,   -9.975700e-03,   -1.037000e-02,    1.341100e-02,    2.845200e-03,   -2.625400e-04,    5.602900e-04,    5.602900e-04,    1.419400e-03,    1.419400e-03,    1.005700e-03,    1.005700e-03,    1.044000e-03,    1.044000e-03,
        45,    2.511800e+00,   -5.392489e-04,    1.064129e-03,    1.563218e-02,   -1.378534e-02,   -1.377644e-02,    1.790750e-02,    2.415280e-03,   -2.898535e-04,   -7.402136e-02,    3.040297e-01,    3.341842e-01,    7.626613e-02,   -2.034410e-01,    6.300214e-01,    7.841427e-02,   -1.028925e+00,   -6.006200e-04,    1.316200e-03,    1.608500e-02,   -1.368200e-02,   -1.400200e-02,    1.860600e-02,    2.513000e-03,   -1.572100e-03,    8.291000e-04,    8.291000e-04,    1.355000e-03,    1.355000e-03,    1.108700e-03,    1.108700e-03,    1.246200e-03,    1.246200e-03,
        45,    3.981000e+00,   -6.417557e-04,    1.739229e-03,    1.833516e-02,   -1.843088e-02,   -1.777385e-02,    2.394496e-02,    1.981721e-03,   -8.150975e-04,   -3.591699e-01,    4.575164e-01,    1.904543e-01,    4.415796e-02,    5.392165e-01,    1.230048e+00,    2.716665e-01,   -5.265056e-01,   -1.081200e-03,    2.299000e-03,    1.868400e-02,   -1.835000e-02,   -1.700800e-02,    2.569200e-02,    2.362000e-03,   -1.552100e-03,    1.223500e-03,    1.223500e-03,    1.831600e-03,    1.831600e-03,    1.420300e-03,    1.420300e-03,    1.399800e-03,    1.399800e-03,
        46,    1.584800e+00,   -2.008960e-02,    1.030340e-02,    1.878040e-02,   -1.627826e-02,   -2.507388e-02,    1.712084e-02,    6.804052e-03,   -3.442863e-03,   -1.079247e+00,    7.694260e-01,    1.581702e-01,    8.310313e-01,    6.788798e-01,   -1.984324e-01,    1.097002e-01,    1.516087e-01,   -2.427600e-02,    1.328800e-02,    1.904900e-02,   -1.486700e-02,   -2.348700e-02,    1.665700e-02,    7.049100e-03,   -3.104200e-03,    3.879000e-03,    3.879000e-03,    1.698200e-03,    1.698200e-03,    2.337500e-03,    2.337500e-03,    2.233800e-03,    2.233800e-03,
        46,    2.511800e+00,   -2.389299e-02,    1.153151e-02,    2.321584e-02,   -2.174871e-02,   -3.019511e-02,    2.078578e-02,    7.807027e-03,   -4.351916e-03,   -9.782254e-01,    8.390485e-01,    5.529182e-01,    3.665073e-01,    1.356465e-01,   -3.211637e-01,    5.227606e-01,    3.620827e-02,   -2.864100e-02,    1.560400e-02,    2.419600e-02,   -2.109900e-02,   -2.990800e-02,    2.010600e-02,    9.313100e-03,   -4.247600e-03,    4.853700e-03,    4.853700e-03,    1.772700e-03,    1.772700e-03,    2.116600e-03,    2.116600e-03,    2.881000e-03,    2.881000e-03,
        46,    3.981000e+00,   -2.867251e-02,    1.180486e-02,    2.958844e-02,   -2.819143e-02,   -3.680460e-02,    2.448867e-02,    9.178385e-03,   -5.431830e-03,   -9.055309e-01,    7.969651e-01,    6.721715e-01,   -8.264904e-02,   -9.165162e-01,   -4.342120e-01,    1.525880e-01,    7.271872e-02,   -3.409700e-02,    1.657900e-02,    3.105700e-02,   -2.837200e-02,   -3.880700e-02,    2.354000e-02,    9.689600e-03,   -5.188200e-03,    5.990400e-03,    5.990400e-03,    2.184800e-03,    2.184800e-03,    2.184800e-03,    2.184800e-03,    3.350300e-03,    3.350300e-03,
        47,    1.584800e+00,    9.028829e-03,   -4.262695e-03,    1.985709e-02,   -2.064471e-02,   -3.204399e-02,    2.505747e-02,   -2.418671e-03,    4.124441e-03,    8.192364e-01,    1.091064e-01,   -1.231774e+00,    8.906424e-01,   -8.220673e-01,   -5.638063e-02,   -7.918228e-02,    5.717166e-02,    1.117400e-02,   -3.977000e-03,    1.742200e-02,   -1.888400e-02,   -3.343600e-02,    2.496200e-02,   -2.589800e-03,    4.248000e-03,    2.618500e-03,    2.618500e-03,    1.976900e-03,    1.976900e-03,    1.693300e-03,    1.693300e-03,    2.161200e-03,    2.161200e-03,
        47,    2.511800e+00,    1.117694e-02,   -4.175053e-03,    2.481915e-02,   -2.849938e-02,   -3.925476e-02,    3.172030e-02,   -4.205972e-03,    5.280455e-03,    6.983965e-01,    7.791595e-01,    7.637990e-03,    4.760184e-01,   -2.913759e-01,   -1.824707e-01,    1.043056e-02,    9.706850e-02,    1.352900e-02,   -1.551000e-03,    2.483600e-02,   -2.744900e-02,   -3.988600e-02,    3.132500e-02,   -4.176600e-03,    5.553800e-03,    3.367800e-03,    3.367800e-03,    2.206600e-03,    2.206600e-03,    2.166400e-03,    2.166400e-03,    2.816000e-03,    2.816000e-03,
        47,    3.981000e+00,    1.380708e-02,   -2.916924e-03,    3.238400e-02,   -3.837126e-02,   -4.944020e-02,    3.902326e-02,   -6.940475e-03,    5.840062e-03,    6.302690e-01,    3.327764e-01,    1.687933e-01,   -3.905076e-01,   -4.613243e-01,   -9.856289e-03,   -1.862525e-01,   -7.464525e-02,    1.657100e-02,   -1.457600e-03,    3.286800e-02,   -3.949100e-02,   -5.076300e-02,    3.899500e-02,   -7.627300e-03,    5.564800e-03,    4.385300e-03,    4.385300e-03,    2.867400e-03,    2.867400e-03,    2.867400e-03,    2.867400e-03,    3.687600e-03,    3.687600e-03,
        48,    1.584800e+00,    3.774321e-04,   -4.521861e-04,    2.054062e-02,   -1.582101e-02,   -1.827136e-02,    1.843817e-02,    3.976372e-03,    2.114177e-03,    1.243865e+00,   -9.326671e-01,    4.826089e-01,   -3.746729e-01,    1.171496e-01,   -7.861684e-01,    2.068322e-01,    9.297534e-02,    1.919700e-03,   -1.608600e-03,    2.161100e-02,   -1.665200e-02,   -1.811800e-02,    1.740900e-02,    4.319900e-03,    2.268600e-03,    1.239900e-03,    1.239900e-03,    2.217900e-03,    2.217900e-03,    1.309100e-03,    1.309100e-03,    1.660900e-03,    1.660900e-03,
        48,    2.511800e+00,    6.026329e-04,   -1.220364e-03,    2.451537e-02,   -2.106676e-02,   -2.318326e-02,    2.390050e-02,    3.293506e-03,    3.304577e-03,    1.168271e+00,   -4.246491e-02,    1.532303e-01,   -1.874628e-01,    2.603944e-01,   -1.380439e-01,    1.074856e-01,    1.604838e-02,    2.204800e-03,   -1.278600e-03,    2.481800e-02,   -2.143700e-02,   -2.275600e-02,    2.367400e-02,    3.496600e-03,    3.334900e-03,    1.371400e-03,    1.371400e-03,    1.975000e-03,    1.975000e-03,    1.640800e-03,    1.640800e-03,    1.889500e-03,    1.889500e-03,
        48,    3.981000e+00,    1.533163e-03,   -1.823905e-03,    3.016673e-02,   -2.764704e-02,   -2.987274e-02,    3.034617e-02,    2.042554e-03,    4.432316e-03,    4.928575e-01,    6.857493e-01,    3.970651e-01,    5.233607e-01,    1.760790e-01,    2.795458e-01,    2.716669e-01,    6.049700e-02,    2.265500e-03,   -8.049500e-04,    3.099600e-02,   -2.655400e-02,   -2.950500e-02,    3.093000e-02,    2.655000e-03,    4.568700e-03,    1.485900e-03,    1.485900e-03,    2.088500e-03,    2.088500e-03,    2.088500e-03,    2.088500e-03,    2.254400e-03,    2.254400e-03,
VTF,
     StaID,        Freq[Hz],     Re(Tzx)_Cal,     Im(Tzx)_Cal,     Re(Tzy)_Cal,     Im(Tzy)_Cal,     Re(Tzx)_Res,     Im(Tzx)_Res,     Re(Tzy)_Res,     Im(Tzy)_Res,     Re(Tzx)_Obs,     Im(Tzx)_Obs,     Re(Tzy)_Obs,     Im(Tzy)_Obs,      Re(Tzx)_SD,      Im(Tzx)_SD,      Re(Tzy)_SD,      Im(Tzy)_SD,
      1001,    1.584800e+00,    1.648653e-01,    2.542791e-03,    6.458053e-02,    2.069406e-03,   -8.735114e-01,    1.728340e+00,   -2.245484e+00,    1.041453e+00,    1.386600e-01,    5.439300e-02,   -2.784000e-03,    3.331300e-02,    3.000000e-02,    3.000000e-02,    3.000000e-02,    3.000000e-02,
      1001,    2.511800e+00,    1.601250e-01,    2.982131e-02,    6.308555e-02,   -6.082189e-03,    5.151681e-01,    1.333123e+00,   -1.379918e+00,    1.776360e-01,    1.755800e-01,    6.981500e-02,    2.168800e-02,   -7.531100e-04,    3.000000e-02,    3.000000e-02,    3.000000e-02,    3.000000e-02,
      1001,    3.981000e+00,    1.413112e-01,    5.655771e-02,    6.497207e-02,   -1.730464e-02,    4.329592e-01,    7.510431e-01,   -6.683022e-01,   -2.049121e-01,    1.543000e-01,    7.908900e-02,    4.492300e-02,   -2.345200e-02,    3.000000e-02,    3.000000e-02,    3.000000e-02,    3.000000e-02,
      1002,    1.584800e+00,    2.097939e-01,   -6.703146e-03,   -3.973836e-02,    6.209990e-02,    2.272028e-01,    9.477487e-02,   -9.195213e-01,   -1.820633e-01,    2.166100e-01,   -3.859900e-03,   -6.732400e-02,    5.663800e-02,    3.000000e-02,    3.000000e-02,    3.000000e-02,    3.000000e-02,
      1002,    2.511800e+00,    2.053086e-01,    2.627554e-02,   -6.418059e-02,    6.082690e-02,    2.247148e-01,    3.481520e-02,   -5.422471e-01,   -5.581633e-01,    2.120500e-01,    2.732000e-02,   -8.044800e-02,    4.408200e-02,    3.000000e-02,    3.000000e-02,    3.000000e-02,    3.000000e-02,
      1002,    3.981000e+00,    1.830820e-01,    5.585826e-02,   -8.669277e-02,    5.054302e-02,    1.562652e-01,   -1.172421e-01,   -7.310759e-02,   -5.039340e-01,    1.877700e-01,    5.234100e-02,   -8.888600e-02,    3.542500e-02,    3.000000e-02,    3.000000e-02,    3.000000e-02,    3.000000e-02,
      1004,    2.511800e+00,    3.939801e-02,    1.174412e-02,    4.737445e-01,   -3.220293e-02,   -8.070003e-01,   -1.464604e+00,    1.195518e+00,    2.076031e+00,    1.518800e-02,   -3.219400e-02,    5.096100e-01,    3.007800e-02,    3.000000e-02,    3.000000e-02,    3.000000e-02,    3.000000e-02,
      1004,    3.981000e+00,    2.674930e-02,    3.036153e-02,    4.896989e-01,    4.817874e-03,    3.584902e-01,   -1.411918e+00,    5.923698e-01,    1.449471e+00,    3.750400e-02,   -1.199600e-02,    5.074700e-01,    4.830200e-02,    3.000000e-02,    3.000000e-02,    3.000000e-02,    3.000000e-02,
      1005,    1.584800e+00,    1.933424e-01,   -1.379951e-02,    7.971348e-02,    6.435556e-03,   -7.254148e-01,    8.306835e-01,    1.828413e-02,    1.173948e-01,    1.715800e-01,    1.112100e-02,    8.026200e-02,    9.957400e-03,    3.000000e-02,    3.000000e-02,    3.000000e-02,    3.000000e-02,
      1005,    2.511800e+00,    1.952317e-01,    1.776486e-02,    7.536594e-02,   -5.616259e-04,   -6.457224e-01,    2.186715e-01,    3.061355e-01,   -5.288580e-02,    1.758600e-01,    2.432500e-02,    8.455000e-02,   -2.148200e-03,    3.000000e-02,    3.000000e-02,    3.000000e-02,    3.000000e-02,
      1005,    3.981000e+00,    1.821164e-01,    5.121520e-02,    7.418967e-02,   -1.259880e-02,   -1.995453e-01,   -2.711399e-01,    3.965777e-01,   -3.067349e-02,    1.761300e-01,    4.308100e-02,    8.608700e-02,   -1.351900e-02,    3.000000e-02,    3.000000e-02,    3.000000e-02,    3.000000e-02,
      1006,    1.584800e+00,    2.540404e-02,   -4.213388e-02,    9.688629e-02,    4.618499e-02,   -2.462335e+00,   -4.875374e-01,   -1.491096e-01,    4.810043e-02,   -4.846600e-02,   -5.676000e-02,    9.241300e-02,    4.762800e-02,    3.000000e-02,    3.000000e-02,    3.000000e-02,    3.000000e-02,
      1006,    2.511800e+00,    3.469952e-02,   -3.283813e-02,    7.846361e-02,    5.738887e-02,   -1.225857e+00,    3.411378e-01,    5.094464e-01,   -7.537290e-01,   -2.076200e-03,   -2.260400e-02,    9.374700e-02,    3.477700e-02,    3.000000e-02,    3.000000e-02,    3.000000e-02,    3.000000e-02,
      1006,    3.981000e+00,    4.499543e-02,   -2.453060e-02,    5.391967e-02,    6.282907e-02,   -7.955478e-01,    3.311199e-01,    1.221378e+00,   -7.241023e-01,    2.112900e-02,   -1.459700e-02,    9.056100e-02,    4.110600e-02,    3.000000e-02,    3.000000e-02,    3.000000e-02,    3.000000e-02,
      1007,    1.584800e+00,   -8.678442e-02,   -2.014917e-02,    1.510784e-01,    1.080651e-02,    9.858138e-01,    1.722725e-01,   -1.645946e+00,   -1.195350e+00,   -5.721000e-02,   -1.498100e-02,    1.017000e-01,   -2.505400e-02,    3.000000e-02,    3.000000e-02,    3.000000e-02,    3.000000e-02,
      1007,    2.511800e+00,   -8.698082e-02,   -1.514201e-02,    1.473147e-01,    1.522326e-02,    1.432427e+00,    3.913471e-01,   -1.042157e+00,   -1.038709e+00,   -4.400800e-02,   -3.401600e-03,    1.160500e-01,   -1.593800e-02,    3.000000e-02,    3.000000e-02,    3.000000e-02,    3.000000e-02,
      1007,    3.981000e+00,   -8.447188e-02,   -1.471878e-02,    1.423152e-01,    1.857862e-02,    9.389292e-01,    8.316925e-01,   -4.815070e-01,   -7.725340e-01,   -5.630400e-02,    1.023200e-02,    1.278700e-01,   -4.597400e-03,    3.000000e-02,    3.000000e-02,    3.000000e-02,    3.000000e-02,
      1008,    1.584800e+00,    2.046496e-01,   -1.116348e-02,    1.097760e-02,    6.222420e-02,    1.063013e+00,    1.783283e+00,   -4.186591e-03,    3.357268e-01,    2.365400e-01,    4.233500e-02,    1.085200e-02,    7.229600e-02,    3.000000e-02,    3.000000e-02,    3.000000e-02,    3.000000e-02,
      1008,    2.511800e+00,    2.075700e-01,    2.369171e-02,   -1.391149e-02,    7.371892e-02,    1.037335e+00,    1.701176e+00,   -4.263504e-01,   -7.462972e-01,    2.386900e-01,    7.472700e-02,   -2.670200e-02,    5.133000e-02,    3.000000e-02,    3.000000e-02,    3.000000e-02,    3.000000e-02,
      1008,    3.981000e+00,    1.913625e-01,    6.285585e-02,   -4.831956e-02,    7.733848e-02,    5.529170e-01,    1.175538e+00,   -8.929148e-01,   -3.314159e-01,    2.079500e-01,    9.812200e-02,   -7.510700e-02,    6.739600e-02,    3.000000e-02,    3.000000e-02,    3.000000e-02,    3.000000e-02,
      1009,    2.511800e+00,   -9.891986e-02,    9.794809e-02,    1.863341e-01,    6.752090e-03,   -2.105671e+00,    2.708397e+00,    5.235294e-01,   -5.509630e-01,   -1.620900e-01,    1.792000e-01,    2.020400e-01,   -9.776800e-03,    3.000000e-02,    3.000000e-02,    3.000000e-02,    3.000000e-02,
      1009,    3.981000e+00,   -1.494093e-01,    1.145596e-01,    1.798525e-01,    1.086281e-02,    3.536435e-01,    2.561013e+00,    7.462487e-01,   -4.385004e-01,   -1.388000e-01,    1.913900e-01,    2.022400e-01,   -2.292200e-03,    3.000000e-02,    3.000000e-02,    3.000000e-02,    3.000000e-02,
      1010,    1.584800e+00,    1.924957e-01,   -2.369428e-02,    9.366189e-02,    2.540234e-02,   -3.608581e-01,    3.345759e-01,    4.067604e+00,   -4.987448e-01,    1.816700e-01,   -1.365700e-02,    2.156900e-01,    1.044000e-02,    3.000000e-02,    3.000000e-02,    3.000000e-02,    3.000000e-02,
      1010,    2.511800e+00,    1.996024e-01,    1.123610e-02,    8.299264e-02,    2.750331e-02,   -4.847459e-01,   -3.550870e-01,    4.644579e+00,    5.264896e-01,    1.850600e-01,    5.834900e-04,    2.223300e-01,    4.329800e-02,    3.000000e-02,    3.000000e-02,    3.000000e-02,    3.000000e-02,
      1010,    3.981000e+00,    1.917237e-01,    5.115543e-02,    7.159979e-02,    2.461865e-02,   -4.312279e-02,   -7.204811e-01,    4.402340e+00,    2.228345e+00,    1.904300e-01,    2.954100e-02,    2.036700e-01,    9.146900e-02,    3.000000e-02,    3.000000e-02,    3.000000e-02,    3.000000e-02,
      1011,    1.584800e+00,    2.359279e-01,    1.620148e-03,   -7.786500e-02,    4.067247e-02,   -8.519314e-01,   -1.769949e-01,   -1.054833e+00,   -3.866156e-01,    2.103700e-01,   -3.689700e-03,   -1.095100e-01,    2.907400e-02,    3.000000e-02,    3.000000e-02,    3.000000e-02,    3.000000e-02,
      1011,    2.511800e+00,    2.272835e-01,    3.048911e-02,   -9.638689e-02,    2.494267e-02,    6.095489e-01,    9.396308e-02,   -6.897702e-01,   -7.360556e-01,    2.455700e-01,    3.330800e-02,   -1.170800e-01,    2.861000e-03,    3.000000e-02,    3.000000e-02,    3.000000e-02,    3.000000e-02,
      1011,    3.981000e+00,    2.045938e-01,    5.245869e-02,   -1.064732e-01,   -1.700513e-03,    1.126540e+00,    5.847691e-02,    1.674402e-01,   -1.152383e+00,    2.383900e-01,    5.421300e-02,   -1.014500e-01,   -3.627200e-02,    3.000000e-02,    3.000000e-02,    3.000000e-02,    3.000000e-02,
      1012,    1.584800e+00,    3.068292e-01,   -1.220098e-02,    9.903691e-02,    2.749728e-02,   -3.383056e-01,    3.455166e+00,    5.954363e-01,    8.832241e-01,    2.966800e-01,    9.145400e-02,    1.169000e-01,    5.399400e-02,    3.000000e-02,    3.000000e-02,    3.000000e-02,    3.000000e-02,
      1012,    2.511800e+00,    3.153415e-01,    4.308509e-02,    8.973233e-02,    6.784715e-02,   -9.530494e-01,    2.612164e+00,   -1.723777e-01,    6.232949e-01,    2.867500e-01,    1.214500e-01,    8.456100e-02,    8.654600e-02,    3.000000e-02,    3.000000e-02,    3.000000e-02,    3.000000e-02,
      1012,    3.981000e+00,    2.816829e-01,    1.067672e-01,    4.263560e-02,    1.043292e-01,    2.549023e-01,   -5.133071e-01,   -4.264202e-01,   -2.964040e-02,    2.893300e-01,    9.136800e-02,    2.984300e-02,    1.034400e-01,    3.000000e-02,    3.000000e-02,    3.000000e-02,    3.000000e-02,
      1014,    1.584800e+00,    2.322276e-01,   -8.975318e-02,    1.323954e-01,    4.222755e-02,    7.397479e-01,   -5.875608e-01,   -1.232815e+00,    8.526150e-01,    2.544200e-01,   -1.073800e-01,    9.541100e-02,    6.780600e-02,    3.000000e-02,    3.000000e-02,    3.000000e-02,    3.000000e-02,
      1014,    2.511800e+00,    2.651624e-01,   -6.770534e-02,    1.195615e-01,    6.094552e-02,   -3.934127e-01,   -8.256219e-01,   -1.343715e+00,    9.173494e-01,    2.533600e-01,   -9.247400e-02,    7.925000e-02,    8.846600e-02,    3.000000e-02,    3.000000e-02,    3.000000e-02,    3.000000e-02,
      1014,    3.981000e+00,    2.939751e-01,   -3.371721e-02,    9.754847e-02,    8.043384e-02,   -7.078361e-01,    5.710686e-02,   -1.515116e+00,    8.252053e-01,    2.727400e-01,   -3.200400e-02,    5.209500e-02,    1.051900e-01,    3.000000e-02,    3.000000e-02,    3.000000e-02,    3.000000e-02,
      1015,    2.511800e+00,    1.385746e-01,    3.962711e-02,   -3.021414e-02,    3.993887e-02,   -6.224853e-01,    6.602297e-01,    9.959843e-01,   -1.679623e-01,    1.199000e-01,    5.943400e-02,   -3.346100e-04,    3.490000e-02,    3.000000e-02,    3.000000e-02,    3.000000e-02,    3.000000e-02,
      1015,    3.981000e+00,    1.158943e-01,    7.388857e-02,   -4.534766e-02,    2.346931e-02,   -7.858762e-01,    7.658088e-02,    9.803553e-01,    3.406231e-01,    9.231800e-02,    7.618600e-02,   -1.593700e-02,    3.368800e-02,    3.000000e-02,    3.000000e-02,    3.000000e-02,    3.000000e-02,
      1017,    1.584800e+00,   -4.207687e-03,   -6.125269e-02,    6.646177e-02,    6.742353e-03,   -7.150771e-01,   -2.083910e+00,    3.518409e-01,   -9.471118e-01,   -2.566000e-02,   -1.237700e-01,    7.701700e-02,   -2.167100e-02,    3.000000e-02,    3.000000e-02,    3.000000e-02,    3.000000e-02,
      1017,    2.511800e+00,    7.223026e-03,   -6.351354e-02,    5.919802e-02,   -7.151870e-03,   -6.231342e-01,    3.664846e-01,    4.460993e-01,   -1.812171e+00,   -1.147100e-02,   -5.251900e-02,    7.258100e-02,   -6.151700e-02,    3.000000e-02,    3.000000e-02,    3.000000e-02,    3.000000e-02,
      1017,    3.981000e+00,    2.570143e-02,   -7.175548e-02,    5.782721e-02,   -2.977946e-02,   -1.375214e+00,    5.606492e-01,    4.020265e-01,   -1.085018e+00,   -1.555500e-02,   -5.493600e-02,    6.988800e-02,   -6.233000e-02,    3.000000e-02,    3.000000e-02,    3.000000e-02,    3.000000e-02,
      1019,    3.981000e+00,    4.412103e-02,    1.033865e-01,    3.528086e-02,    2.796937e-03,    3.960966e+00,    2.721449e+00,    7.635638e+00,    3.229369e+00,    1.629500e-01,    1.850300e-01,    2.643500e-01,    9.967800e-02,    3.000000e-02,    3.000000e-02,    3.000000e-02,    3.000000e-02,
      1022,    1.584800e+00,    2.241257e-01,   -2.833980e-02,    8.688262e-02,    2.051337e-02,   -7.891895e-01,    3.869600e-01,   -7.438875e-01,   -7.791219e-02,    2.004500e-01,   -1.673100e-02,    6.456600e-02,    1.817600e-02,    3.000000e-02,    3.000000e-02,    3.000000e-02,    3.000000e-02,
      1022,    2.511800e+00,    2.333731e-01,    4.239698e-03,    7.810825e-02,    2.264656e-02,   -2.576879e-02,   -2.310399e-01,    3.952584e-01,   -3.198520e-02,    2.326000e-01,   -2.691500e-03,    8.996600e-02,    2.168700e-02,    3.000000e-02,    3.000000e-02,    3.000000e-02,    3.000000e-02,
      1022,    3.981000e+00,    2.272977e-01,    4.247917e-02,    6.674711e-02,    2.048002e-02,    2.607817e-02,    1.650277e-01,    1.116763e+00,   -9.136723e-02,    2.280800e-01,    4.743000e-02,    1.002500e-01,    1.773900e-02,    3.000000e-02,    3.000000e-02,    3.000000e-02,    3.000000e-02,
      1023,    1.584800e+00,    1.762561e-01,    1.607985e-02,   -6.025682e-02,    4.493689e-02,    9.679714e-02,    1.212772e+00,   -6.887393e-01,   -1.165803e+00,    1.791600e-01,    5.246300e-02,   -8.091900e-02,    9.962800e-03,    3.000000e-02,    3.000000e-02,    3.000000e-02,    3.000000e-02,
      1023,    2.511800e+00,    1.610670e-01,    4.363276e-02,   -7.966721e-02,    3.261224e-02,   -7.508987e-01,    1.274041e+00,   -6.069929e-01,   -1.808708e+00,    1.385400e-01,    8.185400e-02,   -9.787700e-02,   -2.164900e-02,    3.000000e-02,    3.000000e-02,    3.000000e-02,    3.000000e-02,
      1023,    3.981000e+00,    1.313425e-01,    6.151014e-02,   -9.149098e-02,    9.989050e-03,   -7.050827e-01,    1.051429e+00,   -2.706743e-02,   -1.749435e+00,    1.101900e-01,    9.305300e-02,   -9.230300e-02,   -4.249400e-02,    3.000000e-02,    3.000000e-02,    3.000000e-02,    3.000000e-02,
      1024,    2.511800e+00,    1.957154e-01,   -6.643497e-04,    1.253491e-01,   -6.419335e-03,    2.355486e+00,   -3.876522e+00,   -2.216335e+00,   -1.251556e+00,    2.663800e-01,   -1.169600e-01,    5.885900e-02,   -4.396600e-02,    3.000000e-02,    3.000000e-02,    3.000000e-02,    3.000000e-02,
      1024,    3.981000e+00,    1.956851e-01,    4.332326e-02,    1.245743e-01,   -5.954976e-04,    9.724963e-01,   -6.835422e-01,   -5.484760e-01,   -5.334834e-01,    2.248600e-01,    2.281700e-02,    1.081200e-01,   -1.660000e-02,    3.000000e-02,    3.000000e-02,    3.000000e-02,    3.000000e-02,
      1027,    1.584800e+00,    9.742476e-02,   -4.790240e-02,    1.918823e-01,    2.596521e-02,    2.698412e-01,    6.068132e-01,   -1.363742e+00,    1.536931e-01,    1.055200e-01,   -2.969800e-02,    1.509700e-01,    3.057600e-02,    3.000000e-02,    3.000000e-02,    3.000000e-02,    3.000000e-02,
      1027,    2.511800e+00,    1.112010e-01,   -2.985695e-02,    1.866250e-01,    4.729319e-02,    2.556323e-01,    4.473985e-01,   -1.430500e+00,   -4.009063e-01,    1.188700e-01,   -1.643500e-02,    1.437100e-01,    3.526600e-02,    3.000000e-02,    3.000000e-02,    3.000000e-02,    3.000000e-02,
      1027,    3.981000e+00,    1.208434e-01,   -9.049910e-03,    1.710385e-01,    7.301542e-02,    1.075545e-01,    2.309737e-01,   -1.051617e+00,   -6.764139e-01,    1.240700e-01,   -2.120700e-03,    1.394900e-01,    5.272300e-02,    3.000000e-02,    3.000000e-02,    3.000000e-02,    3.000000e-02,
      1028,    1.584800e+00,    5.629400e-02,   -3.948904e-02,    1.420380e-01,    4.495032e-02,    6.261334e-01,    6.504015e-01,   -1.818466e+00,   -6.568773e-01,    7.507800e-02,   -1.997700e-02,    8.748400e-02,    2.524400e-02,    3.000000e-02,    3.000000e-02,    3.000000e-02,    3.000000e-02,
      1028,    2.511800e+00,    6.551267e-02,   -2.469078e-02,    1.278974e-01,    6.553674e-02,    2.354442e-01,    8.127398e-01,   -1.165015e+00,   -1.068758e+00,    7.257600e-02,   -3.085900e-04,    9.294700e-02,    3.347400e-02,    3.000000e-02,    3.000000e-02,    3.000000e-02,    3.000000e-02,
      1028,    3.981000e+00,    7.212528e-02,   -9.810709e-03,    1.034831e-01,    8.629067e-02,    1.182241e-01,    6.173503e-01,   -7.071377e-01,   -1.160456e+00,    7.567200e-02,    8.709800e-03,    8.226900e-02,    5.147700e-02,    3.000000e-02,    3.000000e-02,    3.000000e-02,    3.000000e-02,
      1029,    1.584800e+00,    1.077160e-01,   -8.927013e-03,    6.925149e-02,    3.081355e-02,    1.704657e-01,    1.949000e+00,   -2.491853e+00,    3.916882e+00,    1.128300e-01,    4.954300e-02,   -5.504100e-03,    1.483200e-01,    3.000000e-02,    3.000000e-02,    3.000000e-02,    3.000000e-02,
      1029,    2.511800e+00,    1.110779e-01,    1.660119e-02,    5.755880e-02,    4.241230e-02,    7.330711e-01,    1.990527e+00,   -2.361860e+00,    7.343902e-01,    1.330700e-01,    7.631700e-02,   -1.329700e-02,    6.444400e-02,    3.000000e-02,    3.000000e-02,    3.000000e-02,    3.000000e-02,
      1029,    3.981000e+00,    9.913578e-02,    4.538496e-02,    3.793743e-02,    5.158162e-02,    5.608074e-01,    1.966501e+00,   -1.845448e+00,   -1.247207e-01,    1.159600e-01,    1.043800e-01,   -1.742600e-02,    4.784000e-02,    3.000000e-02,    3.000000e-02,    3.000000e-02,    3.000000e-02,
      1030,    1.584800e+00,    7.315632e-02,   -1.410428e-02,    9.713301e-02,    3.967228e-03,   -2.191083e-02,   -1.831857e+00,    4.408566e+00,   -1.845108e+00,    7.249900e-02,   -6.906000e-02,    2.293900e-01,   -5.138600e-02,    3.000000e-02,    3.000000e-02,    3.000000e-02,    3.000000e-02,
      1030,    2.511800e+00,    7.614156e-02,    1.817929e-02,    9.770602e-02,    4.767926e-03,    3.524145e-01,   -1.447143e+00,    4.404466e+00,    1.207025e-01,    8.671400e-02,   -2.523500e-02,    2.298400e-01,    8.389000e-03,    3.000000e-02,    3.000000e-02,    3.000000e-02,    3.000000e-02,
      1030,    3.981000e+00,    6.389243e-02,    5.331060e-02,    9.547385e-02,    7.979667e-03,    1.193852e+00,   -1.577083e+00,    3.663205e+00,    1.855311e+00,    9.970800e-02,    5.998100e-03,    2.053700e-01,    6.363900e-02,    3.000000e-02,    3.000000e-02,    3.000000e-02,    3.000000e-02,
      1031,    1.584800e+00,    1.175987e-01,   -1.210132e-02,    6.215462e-02,    2.308577e-02,   -6.553570e-01,   -1.806623e+00,    8.234126e-01,    6.698743e-01,    9.793800e-02,   -6.630000e-02,    8.685700e-02,    4.318200e-02,    3.000000e-02,    3.000000e-02,    3.000000e-02,    3.000000e-02,
      1031,    2.511800e+00,    1.240509e-01,    1.285091e-02,    5.299502e-02,    3.295746e-02,   -9.844974e-01,   -4.598943e-01,    1.319433e+00,    2.719180e-01,    9.451600e-02,   -9.459200e-04,    9.257800e-02,    4.111500e-02,    3.000000e-02,    3.000000e-02,    3.000000e-02,    3.000000e-02,
      1032,    1.584800e+00,    2.278129e-01,   -5.219058e-02,    6.579076e-02,    1.561600e-02,   -5.867330e+00,    1.668119e+00,   -1.207918e-01,    1.435000e-01,    5.179300e-02,   -2.147000e-03,    6.216700e-02,    1.992100e-02,    3.000000e-02,    3.000000e-02,    3.000000e-02,    3.000000e-02,
      1032,    2.511800e+00,    2.508819e-01,   -2.977457e-02,    6.340481e-02,    2.565211e-02,   -5.330931e+00,    9.620750e-01,    1.252840e+00,    5.282963e-02,    9.095400e-02,   -9.123200e-04,    1.009900e-01,    2.723700e-02,    3.000000e-02,    3.000000e-02,    3.000000e-02,    3.000000e-02,
      1032,    3.981000e+00,    2.643264e-01,    5.788769e-03,    5.296213e-02,    3.967335e-02,   -3.434215e+00,    7.541410e-01,    1.941596e+00,   -4.822785e-01,    1.613000e-01,    2.841300e-02,    1.112100e-01,    2.520500e-02,    3.000000e-02,    3.000000e-02,    3.000000e-02,    3.000000e-02,
      1033,    1.584800e+00,   -5.913072e-02,    5.052281e-02,    4.093817e-02,    8.037194e-02,    9.260574e-01,   -7.661602e-01,   -2.286206e+00,   -3.912647e-01,   -3.134900e-02,    2.753800e-02,   -2.764800e-02,    6.863400e-02,    3.000000e-02,    3.000000e-02,    3.000000e-02,    3.000000e-02,
      1033,    2.511800e+00,   -1.034054e-01,    7.290455e-02,   -1.528516e-03,    9.628775e-02,    8.378117e-01,   -7.557515e-01,   -1.018383e+00,   -1.272592e+00,   -7.827100e-02,    5.023200e-02,   -3.208000e-02,    5.811000e-02,    3.000000e-02,    3.000000e-02,    3.000000e-02,    3.000000e-02,
      1033,    3.981000e+00,   -1.547239e-01,    5.678620e-02,   -4.948669e-02,    8.760098e-02,   -5.678690e-01,   -1.045173e+00,   -5.829771e-01,   -1.153066e+00,   -1.717600e-01,    2.543100e-02,   -6.697600e-02,    5.300900e-02,    3.000000e-02,    3.000000e-02,    3.000000e-02,    3.000000e-02,
      1034,    1.584800e+00,   -5.671418e-03,    5.731713e-02,    6.256143e-02,    9.006915e-02,   -2.545153e+00,   -8.570418e-02,   -3.238714e+00,   -5.331050e-01,   -8.202600e-02,    5.474600e-02,   -3.460000e-02,    7.407600e-02,    3.000000e-02,    3.000000e-02,    3.000000e-02,    3.000000e-02,
      1034,    2.511800e+00,   -3.022043e-02,    9.392710e-02,    3.062253e-02,    1.214399e-01,   -1.192252e+00,   -2.223035e-01,   -3.765751e+00,   -9.309289e-01,   -6.598800e-02,    8.725800e-02,   -8.235000e-02,    9.351200e-02,    3.000000e-02,    3.000000e-02,    3.000000e-02,    3.000000e-02,
      1034,    3.981000e+00,   -7.782036e-02,    1.247452e-01,   -1.995937e-02,    1.493612e-01,   -9.795470e-02,   -6.783912e-02,   -3.486688e+00,   -1.448038e+00,   -8.075900e-02,    1.227100e-01,   -1.245600e-01,    1.059200e-01,    3.000000e-02,    3.000000e-02,    3.000000e-02,    3.000000e-02,
      1035,    2.511800e+00,    6.809044e-02,    2.963060e-02,    1.062233e-01,   -3.621855e-03,    2.402319e+00,    1.343680e+00,    2.758225e+00,    1.413829e+00,    1.401600e-01,    6.994100e-02,    1.889700e-01,    3.879300e-02,    3.000000e-02,    3.000000e-02,    3.000000e-02,    3.000000e-02,
      1035,    3.981000e+00,    4.997262e-02,    5.856459e-02,    1.020728e-01,   -6.526041e-03,    1.248313e+00,    2.968847e+00,    2.104572e+00,    9.891680e-01,    8.742200e-02,    1.476300e-01,    1.652100e-01,    2.314900e-02,    3.000000e-02,    3.000000e-02,    3.000000e-02,    3.000000e-02,
      1037,    1.584800e+00,    1.733386e-01,   -5.116014e-02,   -4.739769e-03,    9.629472e-02,   -1.448619e+00,    3.618771e+00,   -5.845008e+00,    3.378176e+00,    1.298800e-01,    5.740300e-02,   -1.800900e-01,    1.976400e-01,    3.000000e-02,    3.000000e-02,    3.000000e-02,    3.000000e-02,
      1037,    2.511800e+00,    1.907749e-01,   -2.397471e-02,   -3.959859e-02,    1.171034e-01,   -3.219664e+00,    3.101924e+00,   -8.203380e+00,    5.161888e+00,    9.418500e-02,    6.908300e-02,   -2.857000e-01,    2.719600e-01,    3.000000e-02,    3.000000e-02,    3.000000e-02,    3.000000e-02,
      1038,    1.584800e+00,    1.581904e-01,   -3.055282e-02,    5.100238e-03,    5.045951e-02,    6.291985e+00,   -2.713906e+00,    5.579659e+00,   -1.142584e+00,    3.469500e-01,   -1.119700e-01,    1.724900e-01,    1.618200e-02,    3.000000e-02,    3.000000e-02,    3.000000e-02,    3.000000e-02,
      1038,    2.511800e+00,    1.670351e-01,    4.973596e-03,   -1.308719e-02,    4.914257e-02,    3.369497e+00,    1.033013e+00,    3.948906e+00,    1.225581e+00,    2.681200e-01,    3.596400e-02,    1.053800e-01,    8.591000e-02,    3.000000e-02,    3.000000e-02,    3.000000e-02,    3.000000e-02,
      1038,    3.981000e+00,    1.595859e-01,    4.570217e-02,   -2.978255e-02,    4.400076e-02,    4.194135e+00,    2.610261e+00,    1.328085e+00,    2.378975e+00,    2.854100e-01,    1.240100e-01,    1.006000e-02,    1.153700e-01,    3.000000e-02,    3.000000e-02,    3.000000e-02,    3.000000e-02,
      1039,    1.584800e+00,    1.660854e-01,   -6.864651e-02,    3.615170e-01,   -4.808925e-02,   -3.091814e-01,   -5.386162e-01,    2.047100e+00,    5.062750e-01,    1.568100e-01,   -8.480500e-02,    4.229300e-01,   -3.290100e-02,    3.000000e-02,    3.000000e-02,    3.000000e-02,    3.000000e-02,
      1039,    2.511800e+00,    1.875602e-01,   -5.005048e-02,    3.872851e-01,   -3.371035e-02,   -5.300079e-01,   -8.312173e-01,    1.964828e+00,    9.870484e-01,    1.716600e-01,   -7.498700e-02,    4.462300e-01,   -4.098900e-03,    3.000000e-02,    3.000000e-02,    3.000000e-02,    3.000000e-02,
      1039,    3.981000e+00,    2.021781e-01,   -2.711006e-02,    4.084625e-01,   -4.517734e-03,   -3.056025e-01,   -6.686981e-01,    1.558915e+00,    1.561991e+00,    1.930100e-01,   -4.717100e-02,    4.552300e-01,    4.234200e-02,    3.000000e-02,    3.000000e-02,    3.000000e-02,    3.000000e-02,
      1040,    1.584800e+00,    1.381870e-01,   -1.942289e-02,   -2.492873e-01,    1.271511e-01,   -6.415672e-01,    2.404763e+00,   -1.734089e+00,   -9.569699e-01,    1.189400e-01,    5.272000e-02,   -3.013100e-01,    9.844200e-02,    3.000000e-02,    3.000000e-02,    3.000000e-02,    3.000000e-02,
      1040,    2.511800e+00,    1.444362e-01,    1.516709e-02,   -3.240814e-01,    9.572512e-02,   -5.988735e-01,    1.922564e+00,   -6.476208e-01,   -1.902604e+00,    1.264700e-01,    7.284400e-02,   -3.435100e-01,    3.864700e-02,    3.000000e-02,    3.000000e-02,    3.000000e-02,    3.000000e-02,
      1040,    3.981000e+00,    1.341827e-01,    5.724573e-02,   -3.729569e-01,    1.140662e-02,   -1.594623e+00,    1.059442e+00,    6.638968e-01,   -1.679587e+00,    8.634400e-02,    8.902900e-02,   -3.530400e-01,   -3.898100e-02,    3.000000e-02,    3.000000e-02,    3.000000e-02,    3.000000e-02,
      1041,    3.981000e+00,    1.160810e-01,    6.010388e-02,   -2.354781e-02,   -2.958994e-02,   -2.052367e+00,    3.065705e-01,    4.581502e-01,   -1.103669e+00,    5.451000e-02,    6.930100e-02,   -9.803300e-03,   -6.270000e-02,    3.000000e-02,    3.000000e-02,    3.000000e-02,    3.000000e-02,
      1042,    1.584800e+00,    1.807510e-01,    3.277258e-04,    9.068326e-03,    3.913061e-02,   -5.703330e-02,    8.383425e-01,    1.030022e+00,   -9.798696e-02,    1.790400e-01,    2.547800e-02,    3.996900e-02,    3.619100e-02,    3.000000e-02,    3.000000e-02,    3.000000e-02,    3.000000e-02,
      1042,    2.511800e+00,    1.758661e-01,    3.456897e-02,   -8.171765e-03,    3.429587e-02,   -1.802029e-01,    4.163676e-01,    1.511659e+00,   -5.382623e-01,    1.704600e-01,    4.706000e-02,    3.717800e-02,    1.814800e-02,    3.000000e-02,    3.000000e-02,    3.000000e-02,    3.000000e-02,
      1042,    3.981000e+00,    1.536325e-01,    6.762443e-02,   -2.293636e-02,    2.063605e-02,   -5.610830e-01,    1.792191e-01,    1.648179e+00,   -1.338684e-01,    1.368000e-01,    7.300100e-02,    2.650900e-02,    1.662000e-02,    3.000000e-02,    3.000000e-02,    3.000000e-02,    3.000000e-02,
      1044,    1.584800e+00,    2.128262e-01,   -5.305839e-02,    9.163212e-02,    2.701032e-02,   -6.282053e-01,   -2.248387e+00,    1.458596e+00,   -3.653477e+00,    1.939800e-01,   -1.205100e-01,    1.353900e-01,   -8.259400e-02,    3.000000e-02,    3.000000e-02,    3.000000e-02,    3.000000e-02,
      1044,    2.511800e+00,    2.315530e-01,   -2.074507e-02,    7.976162e-02,    2.858326e-02,    7.075683e-01,   -5.049642e-01,    2.000279e+00,   -1.681609e+00,    2.527800e-01,   -3.589400e-02,    1.397700e-01,   -2.186500e-02,    3.000000e-02,    3.000000e-02,    3.000000e-02,    3.000000e-02,
      1044,    3.981000e+00,    2.381852e-01,    2.026228e-02,    6.764407e-02,    2.434395e-02,    4.591584e-01,   -6.714231e-01,    2.876198e+00,   -7.287349e-01,    2.519600e-01,    1.195900e-04,    1.539300e-01,    2.481900e-03,    3.000000e-02,    3.000000e-02,    3.000000e-02,    3.000000e-02,
      1045,    3.981000e+00,    1.398757e-01,   -2.258590e-02,    4.741042e-02,    1.301801e-01,   -2.856691e+00,   -5.519701e-01,   -2.484806e-01,    1.037331e+00,    5.417500e-02,   -3.914500e-02,    3.995600e-02,    1.613000e-01,    3.000000e-02,    3.000000e-02,    3.000000e-02,    3.000000e-02,
      1046,    3.981000e+00,   -6.756892e-02,    5.884178e-03,    1.750195e-01,    6.269173e-02,   -6.461695e-01,    1.538461e+00,   -6.106515e-01,   -3.356591e+00,   -8.695400e-02,    5.203800e-02,    1.567000e-01,   -3.800600e-02,    3.000000e-02,    3.000000e-02,    3.000000e-02,    3.000000e-02,
